"Time (s)","Linear Acceleration x (m/s^2)","Linear Acceleration y (m/s^2)","Linear Acceleration z (m/s^2)","Absolute acceleration (m/s^2)"
5.172854166E-2,-1.032673102E-2,-8.823564907E-3,2.380401492E-3,1.378995948E-2
6.176154166E-2,-8.949117875E-3,3.776630937E-3,4.625147581E-3,1.075832897E-2
7.179454167E-2,-3.894994799E-3,-7.392295565E-3,1.345327377E-2,1.583690606E-2
8.182754167E-2,4.350730442E-3,-8.951412222E-3,5.765354633E-4,9.969404660E-3
9.186054167E-2,8.088873681E-3,-4.393828532E-4,1.419645488E-2,1.634509914E-2
1.018935417E-1,-5.167568196E-4,3.876722250E-3,3.866763711E-3,5.499806779E-3
1.119265417E-1,2.339297393E-3,-1.391657197E-2,-4.765480757E-4,1.411985785E-2
1.219595417E-1,-3.373021167E-4,-7.379941038E-3,6.857614517E-3,1.007988985E-2
1.319925417E-1,1.154554658E-2,-8.318583603E-3,1.898181617E-2,2.372357107E-2
1.420255417E-1,3.050410179E-3,3.806869722E-3,9.101191163E-3,1.032612899E-2
1.520575417E-1,3.590893904E-3,-4.807177571E-3,8.802398443E-3,1.065296642E-2
1.620905417E-1,1.325575666E-2,2.659059005E-3,1.044955909E-2,1.708739198E-2
1.721235417E-1,1.357421977E-2,3.447109500E-3,1.319716573E-3,1.406711265E-2
1.821565417E-1,7.258011745E-3,-6.229415706E-3,7.010226846E-3,1.185865232E-2
1.921895417E-1,-1.956012407E-3,6.638073839E-3,1.285101056E-2,1.459583781E-2
2.022225417E-1,-8.917935770E-3,7.793296929E-3,-1.988053322E-5,1.184337159E-2
2.122555417E-1,-2.883389946E-3,4.511238224E-3,-4.509372711E-3,6.999975010E-3
2.222885417E-1,-4.675744269E-3,-1.016182583E-2,7.343518138E-3,1.338105180E-2
2.323215417E-1,-9.083375428E-4,-1.380155883E-3,9.888226390E-3,1.002531438E-2
2.423545417E-1,1.143653255E-2,8.660160354E-5,7.536476254E-3,1.369672409E-2
2.523875417E-1,-9.852832463E-3,1.080938327E-2,1.085418642E-2,1.821357837E-2
2.624205417E-1,-4.474262008E-3,-2.007867046E-3,6.360016465E-3,8.031211617E-3
2.724535417E-1,8.830821393E-3,-5.755964827E-3,-5.455452204E-4,1.055519574E-2
2.824865417E-1,5.202176403E-3,-1.420904238E-3,6.464681625E-3,8.418652903E-3
2.925195417E-1,-1.751460359E-3,-1.050892775E-2,6.903807521E-3,1.269518547E-2
3.025525417E-1,-5.757716708E-3,1.813764497E-2,1.955308914E-3,1.912978567E-2
3.125855417E-1,-8.061574493E-3,8.641073535E-3,1.048581183E-2,1.579903114E-2
3.226185417E-1,4.607203938E-3,5.546101177E-3,1.289661884E-2,1.477526122E-2
3.326515417E-1,-1.046892799E-2,6.990876216E-3,9.298827052E-3,1.565052677E-2
3.426845417E-1,6.602977412E-3,-5.323775648E-4,8.699487448E-3,1.093452415E-2
3.527172500E-1,2.651292030E-3,4.738480782E-3,7.759255171E-4,5.484943933E-3
3.627502500E-1,5.332450541E-3,2.668230683E-3,4.671340585E-3,7.574688548E-3
3.727832500E-1,-9.805890284E-3,3.962298307E-3,4.070831537E-3,1.133256200E-2
3.828162500E-1,1.698808009E-3,-5.651369331E-3,1.110210836E-2,1.257301611E-2
3.928492500E-1,1.325657892E-2,-6.395734730E-5,2.113183737E-3,1.342410223E-2
4.028822500E-1,-3.034604425E-3,1.820569423E-3,4.701161385E-4,3.569916837E-3
4.129152500E-1,7.826680876E-4,-7.572213934E-3,6.902638078E-3,1.027605983E-2
4.229482500E-1,3.066024072E-3,9.400004440E-4,1.843393207E-2,1.871079784E-2
4.329812500E-1,5.909004277E-3,5.524313446E-3,1.199907124E-2,1.447107740E-2
4.430142500E-1,2.075259062E-3,7.430336728E-3,3.769699931E-3,8.586456873E-3
4.530472500E-1,2.459823126E-3,5.622828752E-4,2.567512393E-3,3.599862738E-3
4.630792500E-1,-8.946340447E-3,-2.735308068E-3,1.154883564E-2,1.486252072E-2
4.731122500E-1,4.110409878E-4,-3.879838862E-3,1.080682397E-2,1.148954083E-2
4.831452500E-1,8.201779760E-3,-7.413074879E-3,9.308182597E-3,1.445216709E-2
4.931782500E-1,-5.871335417E-3,5.524056489E-3,-4.014698267E-3,9.005863748E-3
5.032112500E-1,8.837518282E-5,-6.489856630E-3,3.620011210E-3,7.431724592E-3
5.132442500E-1,-1.370249307E-2,6.714668367E-3,4.819859862E-3,1.600237909E-2
5.232772500E-1,-7.426183149E-3,-5.763158501E-3,-4.011774659E-3,1.022039764E-2
5.333102500E-1,-4.440229386E-6,3.381489351E-3,-1.615585685E-3,3.747613514E-3
5.433432500E-1,-6.522733513E-3,5.132200535E-3,-5.706882477E-4,8.319328092E-3
5.533762500E-1,-4.562838189E-4,7.550056184E-3,2.872737050E-3,8.090992613E-3
5.634092500E-1,4.640131071E-4,6.330357834E-3,4.073170424E-3,7.541846974E-3
5.734422500E-1,4.985390883E-4,-1.746272097E-3,-2.695566416E-4,1.835937973E-3
5.834752500E-1,3.224392254E-3,-6.622913905E-3,5.567718744E-3,9.233590093E-3
5.935082500E-1,-1.972156204E-4,-5.284815148E-3,2.068218648E-2,2.134762289E-2
6.035412500E-1,-1.849702718E-3,-1.185339106E-3,7.657513618E-3,7.966426034E-3
6.135742500E-1,-7.395878127E-3,-9.516684943E-3,-5.215716362E-3,1.313278351E-2
6.236072500E-1,-4.585194653E-3,7.351873261E-3,3.465059996E-3,9.331703554E-3
6.336402500E-1,-1.804861883E-3,-1.569126587E-3,1.768607318E-2,1.784704091E-2
6.436732500E-1,3.739933949E-4,-1.346127258E-4,1.244813740E-2,1.245448178E-2
6.537062500E-1,8.526355047E-3,-1.133476587E-2,7.509579062E-3,1.604896961E-2
6.637392500E-1,-1.713046893E-2,6.518085434E-3,-2.736496925E-4,1.833066522E-2
6.737722500E-1,-2.478515944E-3,-2.612700406E-4,1.649148703E-2,1.667874239E-2
6.838052500E-1,3.027121816E-3,-2.625389321E-2,2.269304395E-3,2.652508469E-2
6.938382500E-1,1.924611032E-3,2.803956892E-4,1.184645891E-2,1.200505469E-2
7.038712500E-1,1.325828740E-3,5.924765492E-3,9.599373937E-3,1.135819739E-2
7.139042500E-1,-2.073495761E-3,-3.912764853E-3,1.665287018E-3,4.730992952E-3
7.239372500E-1,-3.438866297E-3,5.892976967E-3,-2.376308441E-3,7.224944342E-3
7.339702500E-1,-1.567209112E-3,7.063887612E-3,2.202529192E-2,2.318335905E-2
7.440032500E-1,4.700759389E-3,4.789235070E-5,1.289077163E-2,1.372120351E-2
7.540362500E-1,4.738446521E-3,-4.409976897E-4,-7.766271830E-3,9.108366073E-3
7.640692500E-1,-4.766366975E-3,6.785736020E-3,8.849176168E-3,1.212734045E-2
7.741022500E-1,1.894516144E-3,6.585400362E-3,9.748477936E-3,1.191593519E-2
7.841352500E-1,-2.129391488E-4,-6.803760747E-3,-3.722922206E-3,7.758650214E-3
7.941682500E-1,-7.790144915E-3,2.459759172E-3,1.618450820E-2,1.812939819E-2
8.042012500E-1,1.839278229E-3,-5.107231097E-3,1.229201674E-2,1.343727761E-2
8.142342500E-1,-2.333331406E-3,7.352243280E-3,-4.622808695E-3,8.992790275E-3
8.242672500E-1,1.219327189E-2,6.387699377E-3,4.666078091E-4,1.377302819E-2
8.342992500E-1,-5.089361686E-4,3.579676843E-3,1.815560460E-3,4.045906834E-3
8.443322500E-1,-4.207254387E-3,-1.529992498E-3,5.257816315E-3,6.905541175E-3
8.543652500E-1,-9.445382031E-3,-7.185912835E-3,1.603540421E-2,1.994960584E-2
8.643982500E-1,-9.140915684E-3,-8.596882517E-3,1.216220856E-3,1.260721705E-2
8.744312500E-1,-1.478211748E-2,-1.971895820E-3,-1.179383397E-3,1.495962284E-2
8.844642500E-1,-6.278630532E-4,9.376700087E-3,9.149723053E-3,1.311617888E-2
8.944972500E-1,-5.040564844E-3,4.065870540E-5,3.759759665E-3,6.288460846E-3
9.045302500E-1,-5.238447413E-3,9.711220209E-4,1.199556291E-2,1.312546909E-2
9.145632500E-1,-4.046931043E-3,5.587783145E-3,-3.721752763E-3,7.839159073E-3
9.245962500E-1,-4.914228441E-3,-2.899178570E-3,2.564588785E-3,6.255556985E-3
9.346292500E-1,-2.584953541E-3,4.418119602E-3,8.251590729E-3,9.710330333E-3
9.446622500E-1,-3.454242647E-3,1.552895996E-3,6.155363917E-3,7.227155954E-3
9.546952500E-1,-2.702144533E-4,2.815116851E-3,-1.339012384E-4,2.831223813E-3
9.647282500E-1,-1.194379678E-2,4.033581804E-3,7.200846076E-3,1.451813514E-2
9.747612500E-1,-2.378080878E-4,-1.144136792E-3,1.378714979E-2,1.383658560E-2
9.847942500E-1,-1.305619301E-3,-1.300413909E-3,6.600337029E-3,6.852748863E-3
9.948272500E-1,-1.015407370E-2,3.312690920E-3,-9.116393924E-3,1.404235636E-2
1.004860250E0,1.049556937E-3,-6.996239210E-3,1.361816525E-3,7.204406783E-3
1.014893250E0,-7.559499666E-3,-1.482486154E-4,5.402827263E-3,9.292930393E-3
1.024926250E0,5.567280203E-4,-1.917307723E-3,-1.362401247E-4,2.001143764E-3
1.034959250E0,-6.588532962E-4,4.800630289E-3,-1.046476185E-2,1.153218884E-2
1.044992250E0,-7.404685495E-3,7.598665733E-3,8.094885349E-3,1.334527096E-2
1.055025250E0,4.774297262E-3,8.774069140E-3,3.755081892E-3,1.067140308E-2
1.065058250E0,-5.830459725E-3,8.508891058E-3,5.401657820E-3,1.164359888E-2
1.075091250E0,1.028080297E-2,-1.068553993E-2,8.843328953E-3,1.726499754E-2
1.085124250E0,-5.856863558E-3,8.487921024E-3,1.358308196E-3,1.040156984E-2
1.095157250E0,3.845019378E-3,5.908501782E-3,4.200639725E-3,8.206091726E-3
1.105190250E0,8.491856474E-3,5.199064360E-3,7.643480301E-3,1.255247735E-2
1.115223250E0,-2.126047611E-3,-3.986104012E-3,1.123600960E-2,1.211020294E-2
1.125256250E0,1.359020825E-3,-1.356393347E-2,9.140367508E-3,1.641260330E-2
1.135289250E0,-1.634963723E-3,-9.535860841E-4,2.554063797E-3,3.178942383E-3
1.145322250E0,-2.302861931E-3,8.852216264E-4,4.349159002E-3,5.000197439E-3
1.155355250E0,1.642044336E-3,1.278965819E-2,-7.924146652E-3,1.513485271E-2
1.165388250E0,-3.977020271E-5,4.026228245E-3,6.295112371E-3,7.472652496E-3
1.175421250E0,-2.754970472E-3,-4.620842112E-4,1.056007147E-3,2.986391672E-3
1.185454250E0,7.713939250E-4,3.268132168E-3,-1.403331757E-4,3.360867426E-3
1.195487250E0,-1.550243050E-3,1.190932333E-2,1.123484015E-2,1.644557293E-2
1.205520250E0,-1.891378747E-2,-4.785413824E-3,2.403205633E-3,1.965723631E-2
1.215553250E0,5.554032605E-4,-9.500418948E-3,-8.076758981E-3,1.248200579E-2
1.225585250E0,2.306845346E-3,7.171954892E-3,-1.491624713E-3,7.680066192E-3
1.235618250E0,3.162859445E-3,5.360905468E-3,1.093312383E-2,1.258078630E-2
1.245651250E0,8.386213733E-3,8.545894112E-3,9.735614061E-3,1.543188479E-2
1.255684250E0,1.006639288E-2,8.075411380E-3,2.699659467E-3,1.318456278E-2
1.265717250E0,5.141529813E-4,4.694723737E-3,6.890943646E-3,8.354034271E-3
1.275750250E0,-1.544140019E-3,6.947006111E-3,9.884718060E-3,1.218002108E-2
1.285783250E0,-2.192733278E-3,-2.170105011E-4,1.362342775E-2,1.380046943E-2
1.295816250E0,-1.066548580E-2,-2.681233885E-4,-1.196340322E-3,1.073572111E-2
1.305849250E0,-3.145107664E-3,1.005641378E-2,1.198094487E-3,1.060464949E-2
1.315882250E0,1.000876126E-2,-5.886106489E-3,2.994943857E-3,1.199129852E-2
1.325915250E0,3.763003042E-3,-1.400150049E-3,1.122899294E-2,1.192522094E-2
1.335948250E0,-8.332264032E-3,5.517133477E-3,2.848178744E-3,1.039122264E-2
1.345981125E0,6.330752978E-3,5.621289290E-3,6.141330600E-3,1.045912368E-2
1.356014125E0,3.398246421E-3,-6.464704466E-3,2.248839140E-3,7.641842713E-3
1.366047125E0,-2.392260376E-3,8.200022170E-3,-5.236181617E-3,1.001902546E-2
1.376080125E0,4.102826770E-3,3.399329069E-3,7.636463642E-3,9.311509146E-3
1.386113125E0,-1.580443919E-2,-1.162229928E-2,5.091755390E-3,2.026780973E-2
1.396146125E0,1.691435035E-3,3.758633619E-3,-4.635672569E-3,6.203042748E-3
1.406179125E0,-1.513880678E-3,-1.297967671E-4,5.543745160E-3,5.748199049E-3
1.416212125E0,1.425934900E-3,-1.258681691E-3,1.500980258E-3,2.422913881E-3
1.426245125E0,-2.483385578E-3,-8.062321383E-3,7.531213760E-4,8.469676606E-3
1.436278125E0,-6.514794091E-3,4.177955497E-3,1.201602817E-3,7.832094452E-3
1.446311125E0,4.193677884E-3,-4.643746752E-3,1.108047366E-2,1.272510175E-2
1.456344125E0,6.920252815E-3,-4.279875207E-3,1.796557009E-2,1.972229549E-2
1.466377125E0,4.196263449E-3,-5.954250534E-3,1.047996461E-2,1.276289092E-2
1.476410125E0,-9.522556141E-4,8.796780776E-3,1.661778688E-2,1.882660308E-2
1.486443125E0,8.446832914E-3,-4.392528897E-3,1.452272952E-2,1.736528056E-2
1.496476125E0,-5.836343486E-4,-7.196638822E-3,7.935256362E-3,1.072849164E-2
1.506509125E0,-1.881496953E-3,-2.027106327E-3,-1.257268310E-2,1.287328828E-2
1.516542125E0,4.435579022E-3,3.759081296E-3,-1.945368648E-3,6.131028676E-3
1.526575125E0,-2.971427087E-3,-1.154935869E-3,9.880625010E-3,1.038219661E-2
1.536608125E0,-9.132227087E-3,-2.167802670E-3,1.062965333E-2,1.418049611E-2
1.546641125E0,-3.015655791E-3,4.975310146E-3,7.635878921E-3,9.599715506E-3
1.556674125E0,-8.721158691E-3,-2.432396030E-3,5.690510273E-3,1.069378635E-2
1.566707125E0,3.937679473E-3,-8.010152114E-3,8.684869409E-3,1.245370680E-2
1.576740125E0,2.470576521E-3,-9.778707584E-3,7.337670922E-3,1.247270159E-2
1.586773125E0,-5.754893599E-3,3.726362013E-3,1.137868166E-2,1.328453878E-2
1.596806125E0,1.281592727E-2,-6.688735052E-3,-2.991435528E-3,1.476265067E-2
1.606839125E0,-6.782039255E-4,-3.672974193E-3,-2.541784644E-3,4.517894329E-3
1.616872125E0,6.807291918E-3,-7.716345516E-3,4.343896508E-3,1.116918297E-2
1.626904125E0,9.871835914E-4,-1.396911240E-3,1.482152224E-2,1.491989993E-2
1.636937125E0,-5.682534305E-3,2.892728361E-3,1.631782472E-2,1.751943142E-2
1.646970125E0,9.918586230E-3,3.907436121E-4,-4.040426016E-3,1.071709269E-2
1.657003125E0,-1.545217185E-2,-1.368602493E-3,6.738331318E-3,1.691294761E-2
1.667036125E0,4.164889483E-3,6.492558683E-3,3.894245625E-3,8.640877944E-3
1.677069125E0,-8.438272225E-3,1.431327814E-2,-1.644237041E-3,1.669664292E-2
1.687102125E0,-2.786179986E-3,-6.104198496E-3,-4.936804175E-3,8.330430581E-3
1.697135125E0,6.177875698E-3,-9.852044459E-4,1.602020144E-2,1.719836127E-2
1.707168125E0,6.687323498E-3,5.205197084E-3,7.786152363E-3,1.150819451E-2
1.717201125E0,2.088826429E-3,-3.881538209E-3,1.047996461E-2,1.136922130E-2
1.727234125E0,-9.284081105E-3,-8.397067627E-3,2.995528579E-3,1.287160045E-2
1.737267125E0,7.964848755E-3,7.929614712E-3,4.490661621E-4,1.124807831E-2
1.747300125E0,1.347467093E-2,-3.704812968E-3,-5.987548828E-4,1.398752670E-2
1.757333125E0,-1.154551917E-2,-9.745502936E-3,1.092786133E-2,1.864650084E-2
1.767366125E0,-1.420389181E-2,-6.381760798E-3,4.490661621E-3,1.620627827E-2
1.777399125E0,-1.140188780E-3,4.381635032E-3,4.639765620E-3,6.482760293E-3
1.787432125E0,-5.301624751E-3,1.199873091E-2,1.631665528E-2,2.093585460E-2
1.797465125E0,-8.223990044E-3,-4.214433215E-3,7.037124038E-3,1.161535941E-2
1.807498125E0,-1.616033362E-3,-1.108516742E-3,-8.980153799E-3,9.191492558E-3
1.817531125E0,3.821986830E-3,3.104270801E-3,1.197568238E-2,1.294839947E-2
1.827564125E0,-4.544474278E-3,1.485857440E-3,1.512089968E-2,1.585880279E-2
1.837597125E0,-2.229479374E-3,3.277761801E-3,7.635294199E-3,8.603023783E-3
1.847630125E0,-1.755638377E-2,5.859469681E-3,8.083190918E-3,2.019648413E-2
1.857663125E0,3.730276907E-3,7.374218304E-4,1.945953369E-3,4.271474133E-3
1.867696125E0,-2.105947807E-3,-1.181919855E-3,4.191284180E-3,4.837232038E-3
1.877729125E0,2.358730249E-3,1.152493057E-3,7.472741604E-4,2.729517779E-3
1.887762125E0,-1.075760686E-2,-4.079356823E-3,9.278361797E-3,1.478023190E-2
1.897795125E0,-7.669509547E-3,-3.799261489E-3,1.736272216E-2,1.935768285E-2
1.907828125E0,7.299517840E-3,2.262646335E-3,7.333577871E-3,1.059168983E-2
1.917861125E0,-1.079094512E-3,-1.016863236E-2,1.062672973E-2,1.474764095E-2
1.927894125E0,5.569619089E-3,1.040142006E-4,5.985794663E-3,8.176870643E-3
1.937927125E0,2.994971266E-3,-8.711846543E-3,1.167396605E-2,1.487103246E-2
1.947960125E0,4.603421520E-3,-5.273587808E-3,-1.797434092E-3,7.227239264E-3
1.957993125E0,-2.945416113E-3,-4.142115035E-3,1.676279783E-2,1.751639187E-2
1.968026125E0,1.434395090E-3,-6.102741261E-3,1.107404172E-2,1.272538173E-2
1.978059125E0,-9.135159831E-3,-2.467992097E-3,1.107345700E-2,1.456583606E-2
1.988092125E0,-2.503850833E-3,-5.120906958E-3,1.792171597E-3,5.975352383E-3
1.998125125E0,-9.645283716E-3,-1.227774246E-2,6.282833219E-3,1.682998666E-2
2.008158125E0,-5.618863609E-3,-3.568032661E-3,5.684078336E-3,8.752784234E-3
2.018190125E0,4.242429044E-3,7.425923907E-3,-4.531592131E-4,8.564339049E-3
2.028223125E0,1.137817916E-2,-1.220239103E-2,2.958691120E-4,1.668678659E-2
2.038256125E0,-3.542033108E-3,-9.582234286E-3,8.079097867E-3,1.302447829E-2
2.048289125E0,8.116547456E-3,9.633219265E-4,1.197100461E-2,1.449521587E-2
2.058322125E0,-1.135840827E-2,-4.125267745E-4,4.187191129E-3,1.211264572E-2
2.068355125E0,-7.809924949E-3,-7.111070759E-4,9.874193072E-3,1.260953170E-2
2.078388125E0,9.545250647E-3,1.130029242E-2,4.932711124E-3,1.559294898E-2
2.088421125E0,8.424512995E-3,2.785844228E-4,6.428428888E-3,1.060069462E-2
2.098454125E0,2.002269365E-3,9.193155760E-3,7.775627375E-3,1.220588286E-2
2.108487125E0,5.485419184E-5,-7.224496464E-3,1.600850701E-2,1.756327575E-2
2.118520125E0,-1.567911691E-2,-4.170386094E-3,-5.546668768E-3,1.714620546E-2
2.128553125E0,9.566793982E-3,-8.258415526E-4,9.722750187E-3,1.366519054E-2
2.138586125E0,-9.297255613E-3,-3.427204984E-3,6.577532887E-3,1.189321802E-2
2.148619125E0,-4.156876970E-3,-8.383865710E-3,-4.350328445E-3,1.031960212E-2
2.158652125E0,4.053125437E-4,-4.414237827E-3,1.076940179E-2,1.164602030E-2
2.168685125E0,3.390571950E-3,1.072207474E-2,1.106877923E-2,1.577899676E-2
2.178718125E0,9.983517732E-3,-4.453973769E-3,1.496068597E-2,1.852918329E-2
2.188751125E0,-7.153373994E-3,1.401485087E-3,4.032239914E-3,8.330298834E-3
2.198784125E0,-5.483418340E-3,2.757662247E-3,7.772119045E-3,9.903454560E-3
2.208817125E0,-2.125207074E-3,3.649435724E-3,-5.099941492E-3,6.621502053E-3
2.218850125E0,-2.413949892E-3,-3.544702042E-3,4.779514074E-3,6.421512395E-3
2.228883125E0,6.118563004E-5,-1.417328529E-3,1.136464834E-2,1.145285099E-2
2.238916125E0,6.663724501E-4,-6.080937542E-3,6.424920559E-3,8.871384211E-3
2.248949125E0,2.184538040E-3,1.074071389E-2,8.969628811E-3,1.416295810E-2
2.258982125E0,5.985429212E-3,3.297360252E-3,1.046593130E-2,1.249934660E-2
2.269015125E0,-4.545862991E-3,1.043444769E-2,1.076589346E-2,1.566674922E-2
2.279048125E0,-2.056886014E-3,-4.403538108E-3,-4.501771331E-3,6.624792303E-3
2.289081125E0,-4.601502903E-3,7.271420370E-3,-2.106751800E-3,8.859220412E-3
2.299114125E0,3.471053392E-4,4.384389619E-3,6.874571443E-3,8.161071435E-3
2.309147125E0,8.370225253E-3,3.342444340E-3,2.981495261E-3,9.493256498E-3
2.319180125E0,-2.729361495E-3,-8.913076414E-3,-3.753912449E-3,1.004908971E-2
2.329213125E0,-6.033376381E-3,1.666772804E-3,4.478967190E-3,7.696811627E-3
2.339246125E0,3.099846561E-4,3.619138696E-3,1.031799674E-2,1.093870706E-2
2.349279375E0,-2.741905600E-3,3.650630292E-3,7.472741604E-3,8.757112248E-3
2.359312375E0,-5.307956189E-3,-4.993773415E-4,2.682702541E-3,5.968305418E-3
2.369345375E0,1.597386226E-3,7.399734777E-3,-1.169443130E-5,7.570195128E-3
2.379377375E0,3.984904876E-3,-3.971584188E-4,3.730523586E-3,5.473025480E-3
2.389410375E0,6.540658884E-4,-1.225648463E-2,7.173948884E-3,1.421670708E-2
2.399443375E0,-7.566379281E-3,2.741521876E-3,7.323637605E-3,1.088125477E-2
2.409476375E0,-1.292256586E-2,-1.032554216E-2,3.880212307E-3,1.699016118E-2
2.419509375E0,-1.645818531E-2,-5.093397636E-3,9.418110251E-3,1.963454516E-2
2.429542375E0,7.189051146E-3,9.881504376E-3,8.519977927E-3,1.489686574E-2
2.439575375E0,-8.411512077E-3,-4.625354289E-3,1.016479969E-2,1.398107973E-2
2.449608375E0,3.322826475E-3,4.316832579E-3,-9.594696164E-3,1.103333194E-2
2.459641375E0,1.075147642E-3,-1.790246128E-3,-4.654968381E-3,5.101926526E-3
2.469674375E0,5.085369134E-3,-9.408394966E-3,1.782231331E-3,1.084228867E-2
2.479707375E0,-8.771106703E-3,-7.437363665E-3,-1.959401965E-3,1.166558816E-2
2.489740375E0,-1.238449411E-3,-6.298677803E-3,-1.361231804E-3,6.562015775E-3
2.499773375E0,-5.985255623E-3,4.253020270E-3,1.839709461E-2,1.980819417E-2
2.509806375E0,-3.729673913E-3,-1.350614311E-3,7.172194719E-3,8.196035847E-3
2.519839375E0,-7.275672164E-3,-1.027560899E-2,1.001569569E-2,1.608843391E-2
2.529872375E0,-6.243647737E-3,-6.680971503E-3,2.169200063E-2,2.354063314E-2
2.539905375E0,9.438648596E-3,-2.636815603E-3,8.669081926E-3,1.308410736E-2
2.549938375E0,2.988840826E-3,-6.808623530E-3,1.166344106E-2,1.383207798E-2
2.559971375E0,-5.838993005E-3,-1.358036963E-2,1.286036611E-2,1.959360342E-2
2.570004375E0,6.283299169E-3,1.561569746E-3,5.226241350E-3,8.320573728E-3
2.580037375E0,8.443507310E-3,6.037258155E-3,4.626901746E-3,1.136439710E-2
2.590070375E0,5.315932157E-3,-1.467200025E-3,5.674722791E-3,7.912919143E-3
2.600103375E0,-8.326087911E-3,-1.024658990E-2,8.967874646E-3,1.596054887E-2
2.610136375E0,2.016467135E-4,4.399963540E-3,9.416940808E-3,1.039611056E-2
2.620169375E0,4.861119278E-3,9.211955928E-3,1.480748892E-2,1.810393164E-2
2.630202375E0,3.305686824E-4,-8.691897488E-3,8.520562649E-3,1.217613836E-2
2.640235375E0,-4.450800056E-3,-1.206996645E-3,5.077722073E-3,6.859280099E-3
2.650268375E0,-5.536180325E-3,-1.282614162E-3,5.527372956E-3,7.927562266E-3
2.660301375E0,-1.820950862E-3,6.740638227E-3,-1.657685637E-3,7.176349171E-3
2.670334375E0,2.627135720E-4,-6.579993971E-3,-8.094300628E-3,1.043470372E-2
2.680367375E0,8.049788699E-4,-7.769461531E-3,6.274647117E-3,1.001916763E-2
2.690400375E0,4.295876250E-4,-1.391559667E-3,4.328109026E-3,4.566564527E-3
2.700433375E0,-3.170351190E-3,-3.299580367E-3,9.417525530E-3,1.047034595E-2
2.710466375E0,3.611240387E-3,5.254374223E-4,3.429391980E-3,5.007781043E-3
2.720498375E0,1.436094437E-3,-5.427289638E-5,7.021336555E-3,7.166901688E-3
2.730531375E0,1.762067573E-3,1.331623765E-2,7.918884158E-3,1.559281224E-2
2.740564375E0,9.277539533E-3,7.285047123E-3,1.182307005E-3,1.185506226E-2
2.750597375E0,-6.569374194E-3,-6.471908418E-4,1.016363025E-2,1.211919606E-2
2.760630375E0,4.921921184E-3,5.028348503E-3,-7.630616426E-4,7.077560306E-3
2.770663375E0,2.256157296E-3,2.213114023E-4,1.375615954E-2,1.394170542E-2
2.780696375E0,4.986669961E-4,7.102516922E-4,4.332786798E-4,9.699776563E-4
2.790729375E0,5.504669314E-3,1.035352314E-3,6.871063113E-3,8.864809472E-3
2.800762375E0,1.968657011E-3,-7.790355049E-3,1.333749890E-3,8.145190666E-3
2.810795375E0,1.203183392E-2,-2.172656315E-3,6.871647835E-3,1.402515622E-2
2.820828375E0,-3.841045098E-3,4.858910583E-4,5.975854397E-3,7.120432103E-3
2.830861375E0,-9.721206157E-3,-1.315955854E-2,-1.607984304E-4,1.636159180E-2
2.840894375E0,-1.297880877E-3,-1.971474410E-3,6.426674724E-3,6.846411770E-3
2.850927375E0,2.136070104E-3,-4.953467598E-3,2.064885736E-2,2.134185903E-2
2.860960375E0,2.278239671E-3,-1.049435996E-2,1.451161981E-2,1.805295201E-2
2.870993375E0,2.431180906E-3,-6.419813382E-3,-1.578748226E-4,6.866554369E-3
2.881026375E0,-6.045454536E-3,-1.491953619E-3,-8.541027904E-3,1.056989138E-2
2.891059375E0,-2.792675877E-3,6.166143579E-3,7.627108097E-3,1.019770284E-2
2.901092375E0,-1.304229674E-2,8.216746120E-3,-8.741528928E-2,8.876400859E-2
2.911125375E0,2.894350735E-2,-6.296182458E-3,7.171259165E-2,7.758907353E-2
2.921158375E0,-3.224882872E-2,-5.682926023E-3,-5.974684954E-3,3.328632545E-2
2.931191375E0,-4.201818304E-3,-1.000564807E-2,4.043349624E-2,4.186449436E-2
2.941224375E0,5.124042984E-3,1.267447947E-3,9.191823006E-4,5.357904152E-3
2.951257375E0,8.388196304E-4,-9.942668307E-3,1.139622331E-2,1.514708477E-2
2.961290375E0,8.540287865E-3,2.005043366E-3,2.770995498E-2,2.906541451E-2
2.971323375E0,-8.582433499E-4,2.198575926E-4,2.740297616E-2,2.741729420E-2
2.981356375E0,3.645464871E-3,8.089691377E-4,1.916249514E-2,1.952293690E-2
2.991389375E0,7.931400854E-3,2.847522075E-3,4.936804175E-3,9.766654337E-3
3.001422375E0,-1.619236540E-2,9.578652866E-4,-7.035252929E-2,7.219825885E-2
3.011455375E0,1.664370649E-2,1.313519895E-3,2.993306637E-2,3.427428719E-2
3.021488375E0,4.473129110E-3,-1.052590180E-3,3.861384273E-2,3.888631739E-2
3.031521375E0,-2.060101982E-3,-3.769745613E-3,-6.152557254E-2,6.167536849E-2
3.041554375E0,1.233287416E-3,-3.607415714E-3,2.289886594E-2,2.321405840E-2
3.051586375E0,9.110592389E-3,-1.342228353E-3,1.136991084E-2,1.463145048E-2
3.061619375E0,-1.674663576E-2,-2.414925189E-3,-4.235956907E-2,4.561375631E-2
3.071652375E0,7.483248319E-3,-1.051342051E-2,3.442899048E-2,3.676800786E-2
3.081685375E0,1.054485957E-2,-4.275810707E-3,1.646751344E-2,2.001638378E-2
3.091718375E0,-2.216865834E-2,-2.505509066E-4,-6.256345332E-2,6.637543129E-2
3.101751375E0,2.318410043E-2,-5.132488328E-3,6.272249758E-2,6.706680738E-2
3.111784375E0,-5.610357737E-3,3.268786554E-3,2.335494876E-2,2.424076548E-2
3.121817375E0,-4.543195199E-4,4.285155974E-3,-4.011365354E-2,4.034444408E-2
3.131850375E0,5.878799753E-3,-1.481926558E-4,2.904195070E-2,2.963135414E-2
3.141883375E0,5.862418413E-3,-2.952381381E-3,2.424840331E-2,2.512109808E-2
3.151916375E0,-1.348749826E-2,3.478613659E-3,-3.547154903E-2,3.810832131E-2
3.161949375E0,6.784579139E-3,7.954397999E-3,2.709541261E-2,2.904245765E-2
3.171982375E0,3.905236563E-3,8.294420441E-3,1.721654177E-2,1.950532218E-2
3.182015375E0,-2.611940268E-2,-2.997213079E-3,-5.148239493E-2,5.780695002E-2
3.192048375E0,1.580489600E-2,-7.269004968E-3,6.526954472E-2,6.754810611E-2
3.202081375E0,-1.223747319E-2,8.892977752E-3,3.154572845E-3,1.545290048E-2
3.212114375E0,-4.710781882E-3,1.057205141E-3,-2.139437735E-2,2.193236264E-2
3.222147375E0,-4.951860756E-6,-3.911376139E-4,5.659227669E-2,5.659362857E-2
3.232180375E0,-7.834154349E-3,1.272680748E-3,1.407951057E-2,1.616249698E-2
3.242213375E0,2.061507141E-2,-7.840523474E-3,-1.406196892E-2,2.615710129E-2
3.252246375E0,-3.607658967E-3,1.672372199E-3,2.335787237E-2,2.369392820E-2
3.262279375E0,1.258310759E-2,8.148836192E-3,1.050159931E-3,1.502800598E-2
3.272312375E0,-1.675883269E-2,-4.245567354E-3,-2.678667963E-2,3.188117816E-2
3.282345375E0,1.839098244E-2,1.307847753E-2,6.107358277E-2,6.510957934E-2
3.292378375E0,-3.117744522E-3,4.893411440E-4,-1.256800532E-2,1.295818442E-2
3.302411375E0,-1.434645424E-2,-2.811545710E-3,-3.427111566E-2,3.725902451E-2
3.312444375E0,1.548585730E-2,2.592783328E-4,7.020927250E-2,7.189729443E-2
3.322477375E0,-1.306225036E-2,-4.038850009E-4,-1.645523429E-2,2.101333489E-2
3.332510375E0,7.133429507E-3,8.019294098E-3,-5.080645680E-3,1.187467283E-2
3.342543375E0,-1.468708196E-2,4.297737766E-4,1.318254769E-2,1.974017846E-2
3.352576625E0,-2.450303128E-3,-3.709791095E-3,-1.571088374E-2,1.632784135E-2
3.362609625E0,-5.970262997E-3,-7.391794212E-4,-2.900218964E-4,6.022834812E-3
3.372641625E0,4.354860038E-3,-2.106314400E-3,4.221631229E-2,4.249256864E-2
3.382674625E0,1.299178228E-3,-6.978354952E-4,1.347666264E-2,1.355711157E-2
3.392707625E0,-2.212980176E-2,1.504228204E-3,-2.813387811E-2,3.582605094E-2
3.402740625E0,3.168028750E-2,9.405654083E-3,5.179346681E-2,6.143834428E-2
3.412773625E0,-1.667032046E-2,4.317973471E-3,-3.920967400E-2,4.282456088E-2
3.422806625E0,-9.469163753E-3,-1.708076759E-3,-1.900169671E-2,2.129899214E-2
3.432839625E0,6.426875722E-3,-4.777687961E-3,2.964830697E-2,3.071079842E-2
3.442872625E0,-1.938002983E-2,4.237745561E-3,-1.630379140E-2,2.567796055E-2
3.452905625E0,5.927989455E-3,-3.296768678E-3,-2.081608772E-3,7.095268689E-3
3.462938625E0,-6.618289808E-3,-8.778673823E-3,2.156862438E-2,2.420893289E-2
3.472971625E0,6.887343954E-3,-6.434023714E-3,-5.974100232E-3,1.115894446E-2
3.483004625E0,1.814272245E-3,-4.634361514E-3,-5.074213743E-3,7.107498543E-3
3.493037625E0,1.313237127E-2,-5.521475491E-3,4.117258430E-2,4.356750583E-2
3.503070625E0,-1.197667823E-2,6.733200158E-3,-1.495717764E-2,2.030994753E-2
3.513103625E0,-9.652802870E-3,-7.992857146E-3,-1.106644034E-2,1.671910495E-2
3.523136625E0,7.760543386E-3,9.247051785E-6,3.264032722E-2,3.355021728E-2
3.533169625E0,-1.966099768E-2,1.213959171E-2,-1.959752798E-2,3.029831051E-2
3.543202625E0,1.584796440E-2,-4.567617603E-3,8.842744231E-3,1.871403836E-2
3.553235625E0,-1.295889169E-4,2.116509341E-3,1.977177501E-2,1.988515758E-2
3.563268625E0,-5.281789899E-3,9.126611705E-3,-2.082193494E-3,1.074838944E-2
3.573301625E0,-5.027682697E-3,-4.677395651E-3,2.216971815E-2,2.320887817E-2
3.583334625E0,1.086901459E-2,2.513069334E-4,2.516173840E-2,2.741006590E-2
3.593367625E0,-1.141582975E-2,-5.132456351E-3,-2.228841662E-2,2.556240976E-2
3.603400625E0,-1.228100753E-2,-5.301429463E-3,6.302129030E-3,1.478665380E-2
3.613433625E0,1.273943838E-2,1.047263732E-3,3.354138315E-2,3.589449031E-2
3.623466625E0,-5.479389243E-3,7.603426874E-3,-2.199020863E-2,2.390408087E-2
3.633499625E0,-1.066029640E-3,7.325815464E-3,1.333340585E-2,1.525069517E-2
3.643532625E0,-7.057406567E-4,-5.954915198E-3,3.024764657E-2,3.083632935E-2
3.653565625E0,-5.066521000E-3,-5.971690540E-3,-1.750130117E-2,1.917358249E-2
3.663598625E0,5.639283182E-3,-1.000861850E-2,1.344859600E-5,1.148799983E-2
3.673631625E0,-9.310594574E-3,4.843503399E-3,1.692827404E-2,1.991765946E-2
3.683664625E0,-1.128039362E-2,-4.123865326E-3,-2.168966174E-2,2.479304281E-2
3.693697625E0,-9.634438958E-3,4.621553599E-3,4.642689228E-4,1.069564011E-2
3.703729625E0,1.305381758E-2,-3.937592679E-3,1.169033825E-2,1.796025607E-2
3.713762625E0,1.009693544E-2,1.244378854E-3,-2.378296494E-2,2.586747003E-2
3.723795625E0,-1.590625383E-5,2.105913546E-3,1.603365004E-2,1.617136539E-2
3.733828625E0,5.118040452E-3,4.975958822E-3,1.124302626E-2,1.331766285E-2
3.743861625E0,7.445698231E-4,-1.739993192E-3,-1.555125475E-2,1.566599773E-2
3.753894625E0,3.967710407E-3,-5.819251800E-3,3.040259778E-2,3.120776137E-2
3.763927625E0,1.780978748E-2,2.593696956E-4,8.696563840E-3,1.982135276E-2
3.773960625E0,-3.316138722E-3,3.381600128E-3,-2.258428574E-2,2.307557058E-2
3.783993625E0,-5.391452601E-3,-7.619863031E-3,1.468820572E-2,1.740326007E-2
3.794026625E0,4.763836227E-3,-1.679273512E-3,1.738260269E-2,1.810162897E-2
3.804059625E0,-8.518077582E-3,2.747516414E-3,-1.704229474E-2,1.924957927E-2
3.814092625E0,1.453101612E-2,-1.208272297E-6,9.450854659E-3,1.733404409E-2
3.824125625E0,2.338338085E-4,-2.478205310E-3,9.002373219E-3,9.340176839E-3
3.834158625E0,1.623607334E-3,1.934206404E-4,1.289544940E-2,1.299869715E-2
3.844191625E0,-9.658668358E-3,5.475370424E-3,1.304396868E-2,1.712935126E-2
3.854224625E0,3.714361517E-3,-5.024231470E-4,-1.326733232E-3,3.976069864E-3
3.864257625E0,5.848238915E-3,6.432839425E-4,-8.063310385E-3,9.981617454E-3
3.874290625E0,9.542546310E-3,1.094669119E-2,1.274225235E-2,1.931981452E-2
3.884323625E0,5.365660898E-3,-2.275274950E-3,1.992555678E-2,2.076041921E-2
3.894356625E0,-1.522243110E-2,2.390272095E-3,-7.462801337E-3,1.712101670E-2
3.904389625E0,3.271718156E-3,-2.041103099E-3,1.513902605E-2,1.562243103E-2
3.914422625E0,8.564846171E-3,4.975788658E-3,-2.671008110E-3,1.025911044E-2
3.924455625E0,-2.405791199E-3,7.782591500E-3,-8.359179497E-3,1.167186547E-2
3.934488625E0,-6.949762981E-3,1.549549835E-3,2.681650043E-2,2.774572049E-2
3.944521625E0,-8.663536208E-3,3.684086187E-3,7.208447456E-3,1.185711033E-2
3.954554625E0,4.683245150E-3,-5.181160688E-3,6.309730411E-3,9.412221261E-3
3.964587625E0,-5.575493714E-3,-5.044502579E-4,2.861276507E-2,2.915528984E-2
3.974620625E0,-9.123483673E-4,-4.510879054E-3,6.306806803E-3,7.807446537E-3
3.984653625E0,-9.728241088E-3,3.059062231E-3,-1.509692609E-2,1.821849922E-2
3.994686625E0,3.094912972E-3,1.550168818E-3,1.498875260E-2,1.538324460E-2
4.004719625E0,1.252820771E-3,-8.148721989E-3,2.864550948E-3,8.727936873E-3
4.014752625E0,-1.432875727E-2,5.905485669E-3,-2.482552350E-2,2.926593007E-2
4.024785625E0,6.510929447E-3,-9.468035423E-5,1.753404558E-2,1.870411508E-2
4.034817625E0,-7.841362869E-3,1.582672827E-2,-1.210081279E-2,2.141032390E-2
4.044850625E0,-1.079843687E-3,-6.325115897E-3,3.917634487E-3,7.518045855E-3
4.054883625E0,-4.937352352E-3,-7.598183794E-3,3.265903831E-2,3.389281086E-2
4.064916625E0,-7.581015592E-3,3.874905274E-3,-8.204813004E-3,1.182394370E-2
4.074949625E0,-6.730419304E-3,7.884273666E-3,1.974604726E-3,1.055269535E-2
4.084982625E0,1.746088229E-3,2.636759643E-3,1.784043968E-2,1.811857095E-2
4.095015625E0,5.542676216E-3,-6.302285489E-3,-4.315829873E-3,9.437502292E-3
4.105048625E0,-6.983740786E-3,1.342984380E-3,-8.505944610E-3,1.108726008E-2
4.115081625E0,2.034739684E-4,5.606932776E-3,1.963378072E-2,2.041970720E-2
4.125114625E0,-3.118511969E-3,-1.446753157E-2,-5.361896753E-3,1.574117287E-2
4.135147625E0,-7.205688301E-3,-1.078424709E-2,-6.109755635E-3,1.433705141E-2
4.145180625E0,-1.369191326E-2,1.234372692E-2,2.337775290E-2,2.977172171E-2
4.155213625E0,-5.338471346E-3,1.083809401E-2,-1.179734230E-2,1.688611392E-2
4.165246625E0,1.621378083E-3,1.997373464E-3,-1.018584967E-3,2.766926630E-3
4.175279625E0,-1.046192047E-2,1.352804733E-3,1.844211817E-2,2.124602511E-2
4.185312625E0,-1.427140888E-3,6.585095439E-3,-2.365198731E-3,7.141034805E-3
4.195345625E0,-8.509306759E-3,5.887301057E-4,-8.052785397E-3,1.173039885E-2
4.205378625E0,-3.099033432E-3,6.035006064E-3,2.083538353E-2,2.191206319E-2
4.215411625E0,-3.955522617E-3,1.338692957E-2,-6.707925797E-3,1.548716601E-2
4.225444625E0,4.946771851E-3,-1.372999325E-4,-3.715320826E-3,6.188134764E-3
4.235477625E0,1.231501275E-2,3.472972009E-4,6.610862017E-3,1.398154680E-2
4.245510625E0,2.556238230E-3,8.193103726E-3,-9.104114771E-3,1.251184272E-2
4.255543625E0,7.591613671E-3,2.930736404E-3,1.379709005E-2,1.601816182E-2
4.265576625E0,1.793085225E-4,-7.377210434E-4,2.622242332E-2,2.623341130E-2
4.275609625E0,4.130071141E-3,3.530028043E-3,1.674642563E-3,5.685333177E-3
4.285642625E0,1.078218344E-2,2.301466365E-3,1.215402246E-2,1.640952434E-2
4.295675625E0,3.513664976E-3,-1.139639461E-2,1.170612574E-2,1.671098535E-2
4.305708625E0,5.179271763E-3,-4.482907208E-4,-1.269196630E-2,1.371538658E-2
4.315741625E0,1.273322571E-3,3.767297091E-4,3.025934100E-3,3.304474667E-3
4.325774625E0,-2.831514180E-4,3.556315389E-3,1.754457057E-2,1.790361724E-2
4.335807625E0,-1.039759196E-2,1.546247072E-3,2.726556659E-3,1.085978406E-2
4.345839625E0,-1.102189187E-2,1.538877524E-3,1.619678736E-2,1.965161991E-2
4.355872250E0,3.785734093E-3,-9.979602839E-3,2.592655420E-2,2.803766161E-2
4.365905250E0,5.310459528E-4,6.057498429E-3,-1.913793683E-3,6.374786529E-3
4.375938250E0,-5.069810059E-4,1.684662772E-3,2.143706203E-2,2.150913170E-2
4.385971250E0,-1.146602444E-4,-1.193050007E-2,7.965661883E-3,1.434579200E-2
4.396004250E0,9.758299431E-3,-3.378901501E-3,1.836025715E-4,1.032836352E-2
4.406037250E0,-1.359998407E-2,-2.058543105E-3,3.778470755E-3,1.426443156E-2
4.416070250E0,-1.460383222E-2,1.205088876E-2,1.365734160E-2,2.334563803E-2
4.426103250E0,-1.457962110E-2,-2.515721137E-3,1.216220856E-2,1.915237638E-2
4.436136250E0,2.033789512E-3,-5.854147801E-3,1.635349274E-2,1.748839818E-2
4.446169250E0,-1.470209286E-4,6.517980366E-3,5.575320125E-3,8.578454272E-3
4.456202250E0,-2.626313455E-3,2.277087359E-3,4.526329637E-3,5.707040317E-3
4.466235250E0,-8.694078773E-5,1.510247866E-3,1.754749417E-2,1.761257957E-2
4.476268250E0,-4.569379762E-3,4.183963740E-3,1.590091825E-2,1.706528596E-2
4.486301250E0,-4.731247136E-3,-1.247200135E-2,-3.109549284E-3,1.369689067E-2
4.496334250E0,-1.444298811E-3,-7.112036920E-3,7.518349886E-3,1.044952885E-2
4.506367250E0,3.350545932E-4,2.040836549E-2,1.021333158E-2,2.282379866E-2
4.516400250E0,4.106042739E-3,5.731984391E-3,7.669792771E-3,1.041829896E-2
4.526433250E0,-1.580353470E-2,-1.283273573E-2,1.083489060E-3,2.038638672E-2
4.536466250E0,-4.954327550E-3,1.145020841E-2,1.141318023E-2,1.690897150E-2
4.546499250E0,5.653983448E-4,-2.299402709E-3,-6.248334646E-3,6.681961834E-3
4.556532250E0,1.582247419E-3,8.701221056E-3,2.548450470E-2,2.697544688E-2
4.566565250E0,7.239254974E-3,7.651445990E-3,3.777886033E-3,1.119034679E-2
4.576598250E0,-5.240228986E-3,3.297401365E-3,-1.014433444E-2,1.188445946E-2
4.586631250E0,-7.926723082E-4,-4.025283783E-3,-4.157370329E-4,4.123599908E-3
4.596664250E0,2.745286021E-3,2.655064169E-3,1.065947413E-2,1.132300092E-2
4.606697250E0,3.390343543E-3,8.199726383E-4,-5.677646399E-4,3.533997900E-3
4.616730250E0,-2.626313455E-3,2.615823870E-3,5.418614745E-3,6.565168897E-3
4.626763250E0,3.490979606E-3,-1.294915927E-2,7.813634276E-3,1.552161542E-2
4.636796250E0,3.945966074E-3,-3.439944377E-4,6.767567396E-3,7.841488946E-3
4.646829250E0,4.728213893E-3,5.054415436E-5,5.272434354E-3,7.082169537E-3
4.656861250E0,-1.082874189E-2,4.017765771E-3,7.220141888E-3,1.362110648E-2
4.666894250E0,-4.353992091E-3,1.197375234E-2,-5.502229929E-3,1.387813123E-2
4.676927250E0,-6.026085634E-3,-4.756883522E-3,9.167849422E-3,1.195788911E-2
4.686960250E0,-3.666533120E-3,5.191356770E-4,4.228121638E-3,5.620496380E-3
4.696993250E0,7.056118352E-3,-3.818917042E-4,-1.014316499E-2,1.236197571E-2
4.707026250E0,-4.736491358E-3,-9.118588914E-3,1.232593060E-3,1.034902410E-2
4.717059250E0,3.397113523E-3,-9.020175249E-4,1.979340971E-2,2.010306155E-2
4.727092250E0,-4.972435646E-3,-5.108855070E-3,1.290772855E-2,1.474567641E-2
4.737125250E0,-9.987784373E-3,-5.458753825E-3,3.505873561E-2,3.686012442E-2
4.747158250E0,-7.638190398E-3,2.313076286E-4,-2.662237287E-3,8.092154419E-3
4.757191250E0,-3.179286467E-3,1.954820124E-5,-4.008851051E-3,5.116554634E-3
4.767224250E0,1.000476871E-3,3.378418421E-3,1.844445705E-2,1.877798341E-2
4.777257250E0,-1.859864082E-2,3.665458466E-3,-8.198381066E-3,2.065329219E-2
4.787290250E0,-4.289526539E-3,-6.485159443E-3,1.395613432E-2,1.597595118E-2
4.797323250E0,1.079167603E-3,-3.639536571E-3,1.979457915E-2,2.015530185E-2
4.807356250E0,2.121269340E-3,1.216335973E-2,3.391385078E-5,1.234699371E-2
4.817389250E0,3.311132044E-3,-4.141202549E-3,1.604885280E-2,1.690203627E-2
4.827422250E0,2.413986437E-3,-5.368263595E-3,1.978931665E-2,2.064612889E-2
4.837455250E0,1.360189355E-2,-9.648254147E-3,2.124293447E-3,1.681109571E-2
4.847488250E0,-7.008344773E-4,-7.730807096E-4,-2.965707779E-3,3.143921974E-3
4.857521250E0,-3.160264743E-3,-3.929100512E-3,1.170261741E-2,1.274269823E-2
4.867554250E0,4.258901747E-3,1.241241229E-2,-3.864424825E-3,1.367991236E-2
4.877587250E0,-1.179803666E-3,-3.752563706E-3,6.015615463E-3,7.187579597E-3
4.887620250E0,-1.101081870E-2,-3.795761154E-3,2.203406274E-2,2.492279784E-2
4.897653250E0,7.295698877E-3,3.560932634E-3,1.078811288E-3,8.189706779E-3
4.907686250E0,5.432803379E-3,3.294815799E-3,7.665699720E-3,9.956611668E-3
4.917719250E0,7.647865713E-3,5.993304681E-4,6.468774676E-3,1.003464463E-2
4.927752250E0,7.183852606E-4,-5.019914580E-3,5.720915794E-3,7.644900084E-3
4.937785250E0,1.021667546E-2,-8.978041036E-3,7.965077162E-3,1.576160310E-2
4.947818250E0,5.051446147E-4,-6.468684456E-3,3.023595214E-3,7.158294328E-3
4.957851250E0,-3.007040285E-3,-7.345529260E-3,-5.809208751E-3,9.835954336E-3
4.967884250E0,-2.760031968E-3,1.490479138E-2,8.410050273E-3,1.733492222E-2
4.977916250E0,-8.996763546E-4,1.903894530E-3,7.959814668E-3,8.233643268E-3
4.987949250E0,-1.209097303E-2,5.772282213E-3,-1.059983253E-2,1.708412481E-2
4.997982250E0,8.303594403E-3,-1.174697516E-2,7.776796818E-4,1.440645311E-2
5.008015250E0,-3.879801175E-3,-1.136824803E-2,7.065190673E-3,1.393581141E-2
5.018048250E0,6.321169026E-3,-1.660077057E-3,-2.812510729E-3,7.115001777E-3
5.028081250E0,1.321562100E-4,-5.134596523E-3,-1.464727521E-3,5.341064822E-3
5.038114250E0,-1.920901705E-3,1.577043169E-3,2.576283216E-3,3.579687658E-3
5.048147250E0,-1.465457509E-2,-5.138412060E-3,1.410231471E-2,2.097701432E-2
5.058180250E0,-2.793388506E-3,6.455071407E-3,4.971302748E-3,8.613060851E-3
5.068213250E0,-2.974734418E-3,3.551971090E-3,1.095709741E-2,1.189636613E-2
5.078246250E0,-9.629066829E-3,-3.902351784E-3,-1.254520118E-2,1.628893336E-2
5.088279250E0,3.597106570E-3,-1.396883831E-3,-2.713108063E-4,3.868341979E-3
5.098312250E0,-1.663829782E-2,1.291838373E-3,8.261530995E-3,1.862135052E-2
5.108345250E0,-4.834989533E-3,7.851321409E-3,6.614955068E-3,1.134803957E-2
5.118378250E0,1.044191203E-2,6.648237373E-3,1.140499413E-2,1.683171049E-2
5.128411250E0,-2.952661179E-4,1.661178093E-2,7.063436508E-3,1.805354765E-2
5.138444250E0,-5.862665093E-3,-2.691085073E-3,1.394970238E-2,1.536902656E-2
5.148477250E0,-1.159706603E-2,-2.123431211E-3,6.014446020E-3,1.323534894E-2
5.158510250E0,3.161964091E-3,-3.499640794E-3,7.811880112E-3,9.125293063E-3
5.168543250E0,2.340987604E-4,-4.491311439E-3,6.465266347E-3,7.875680898E-3
5.178576250E0,-1.102582047E-2,3.057352606E-3,1.065538108E-2,1.563500137E-2
5.188609250E0,3.363492033E-3,2.250151337E-3,1.409763694E-2,1.466695698E-2
5.198642250E0,2.858100738E-4,-4.127426189E-5,-1.389298439E-2,1.389598526E-2
5.208675250E0,-4.766028933E-4,9.093667441E-3,1.230078757E-2,1.530461736E-2
5.218708250E0,-1.255113976E-2,1.702511626E-3,1.155175924E-2,1.714271848E-2
5.228741250E0,-3.871057760E-3,3.660058927E-3,7.061097622E-3,8.845350143E-3
5.238774250E0,6.449579364E-3,-3.780489871E-3,1.125238180E-2,1.350945128E-2
5.248807250E0,-7.540651532E-3,-3.454648069E-3,-2.724802494E-4,8.298811017E-3
5.258840250E0,-9.236033438E-3,2.590636304E-4,8.859116435E-3,1.280060044E-2
5.268873250E0,-8.297948185E-3,-1.643306284E-3,2.846775413E-2,2.969797004E-2
5.278905250E0,-1.074825131E-2,-7.468626854E-3,-4.163802266E-3,1.373472034E-2
5.288938250E0,-1.044024009E-2,9.282719229E-3,-7.456954122E-3,1.583583450E-2
5.298971250E0,1.120472699E-4,3.834300815E-3,1.125296652E-2,1.188880452E-2
5.309004250E0,-9.359318325E-3,-2.115806419E-3,7.209616899E-3,1.200216864E-2
5.319037250E0,-8.944641100E-3,1.262426993E-2,1.948467672E-2,2.488034209E-2
5.329070250E0,-1.005786873E-2,5.218082086E-3,1.693879902E-2,2.037920549E-2
5.339103250E0,2.280578557E-3,1.497949071E-2,5.112805367E-3,1.599146519E-2
5.349137125E0,1.152997836E-5,5.700645827E-3,3.765606880E-3,6.832078086E-3
5.359170125E0,-1.213545755E-2,6.585092013E-3,6.310899854E-3,1.518091643E-2
5.369203125E0,-7.069018772E-3,1.032378229E-2,-2.371045947E-3,1.273473070E-2
5.379236125E0,-5.304886401E-3,9.114758531E-4,-2.071083784E-3,5.767321388E-3
5.389269125E0,7.905846694E-3,-4.491080177E-3,4.963701367E-3,1.035908029E-2
5.399302125E0,-3.204009226E-3,-5.279561790E-4,-5.214546919E-3,6.142956325E-3
5.409335125E0,-1.276520267E-3,-3.784568647E-3,-2.969216108E-3,4.976817068E-3
5.419368125E0,5.146198450E-3,1.306095872E-2,9.605221152E-3,1.700976998E-2
5.429401125E0,-1.825281456E-3,5.162737390E-4,1.604066670E-2,1.615243570E-2
5.439434125E0,9.356623124E-3,5.769015995E-3,-8.753281832E-4,1.102697335E-2
5.449467125E0,7.164392341E-4,1.694262712E-3,1.439233661E-2,1.450941640E-2
5.459500125E0,-3.645784641E-3,5.742250137E-3,9.153816104E-3,1.140427690E-2
5.469533125E0,3.388132565E-3,1.792770480E-2,1.110152364E-2,2.135710348E-2
5.479566125E0,1.345864590E-2,1.184632644E-2,1.634179831E-2,2.425953362E-2
5.489599125E0,-1.337543271E-2,5.153236807E-3,-1.135003030E-2,1.828335959E-2
5.499632125E0,-5.568330875E-3,8.755448271E-3,4.518143535E-3,1.131714647E-2
5.509665125E0,-5.935837515E-5,-1.344365556E-2,2.724217772E-3,1.371702448E-2
5.519698125E0,-4.912117962E-3,-7.145983319E-3,9.285378456E-4,8.721018461E-3
5.529731125E0,2.573048975E-3,-5.216190306E-4,1.050861597E-2,1.083160547E-2
5.539764125E0,2.501274403E-3,1.070674065E-2,1.469931543E-2,1.835648504E-2
5.549797125E0,1.900070999E-3,3.814605862E-3,2.125462890E-3,4.762255787E-3
5.559830125E0,-5.074094972E-3,6.319064257E-3,1.005838037E-2,1.291696669E-2
5.569863125E0,-4.957187204E-3,-7.070705557E-3,3.620011210E-3,9.363389515E-3
5.579895125E0,-1.693006475E-3,-5.813750621E-3,5.716238022E-3,8.327145029E-3
5.589928125E0,-5.257834587E-4,-1.494001857E-3,4.369039536E-3,4.647256853E-3
5.599961125E0,-1.312963952E-2,4.995060487E-3,2.273982167E-3,1.423056774E-2
5.609994125E0,-8.562653465E-3,7.726844237E-4,4.819859862E-3,9.856324096E-3
5.620027125E0,6.110915942E-3,7.794176867E-3,1.080916286E-2,1.466050778E-2
5.630060125E0,1.921751378E-3,-7.032605008E-3,5.270680189E-3,8.996150911E-3
5.640093125E0,1.773122465E-3,6.513899878E-3,7.800185680E-4,6.795828416E-3
5.650126125E0,3.632829404E-3,-1.367688866E-4,1.754398584E-2,1.791668481E-2
5.660159125E0,5.282045715E-4,5.165369209E-3,6.167058349E-3,8.061801772E-3
5.670192125E0,1.716066431E-4,5.502465759E-3,-1.168858409E-3,5.627860006E-3
5.680225125E0,-1.565449465E-2,7.516217708E-3,7.765102386E-4,1.738274143E-2
5.690258125E0,-8.820378631E-3,-8.248150350E-3,1.275043845E-2,1.756145621E-2
5.700291125E0,-7.672789469E-3,7.156398101E-4,6.913163066E-3,1.035256790E-2
5.710324125E0,-1.193882665E-3,2.354732558E-3,1.080448508E-2,1.112236572E-2
5.720357125E0,6.632661168E-4,5.367951819E-3,1.484549582E-2,1.580011313E-2
5.730390125E0,-3.573425347E-3,-2.665646259E-3,3.769115210E-3,5.837916422E-3
5.740423125E0,-5.172236832E-3,1.615366414E-3,1.514662743E-2,1.608669528E-2
5.750456125E0,-5.014188420E-3,-6.338777482E-3,1.918822289E-2,2.082090495E-2
5.760489125E0,-1.081360308E-3,5.842664646E-3,-1.170027852E-3,6.055991699E-3
5.770522125E0,-7.320750542E-3,-3.022436620E-3,-1.227915287E-4,7.921085114E-3
5.780555125E0,7.679705629E-3,5.052267841E-3,8.259192109E-3,1.235789396E-2
5.790588125E0,-7.303492120E-3,-3.867909742E-3,1.523199677E-3,8.403681346E-3
5.800621125E0,-1.220515818E-2,4.677698290E-4,5.714483857E-3,1.348480703E-2
5.810654125E0,8.900924027E-4,2.483796139E-3,9.305843711E-3,9.672653975E-3
5.820687125E0,2.411172464E-3,4.959874410E-3,3.766776323E-3,6.678526087E-3
5.830720125E0,6.435363321E-3,4.855640368E-3,-1.045306742E-2,1.320067282E-2
5.840753125E0,-6.478934214E-3,-4.926504168E-3,1.748317480E-4,8.141105453E-3
5.850786125E0,-5.668610623E-3,1.507809623E-2,-7.607812285E-3,1.781462714E-2
5.860819125E0,-8.171794508E-3,6.897334470E-3,-2.366952896E-3,1.095234743E-2
5.870852125E0,-4.570667977E-3,-8.982295113E-3,7.662191391E-3,1.266024519E-2
5.880885125E0,-3.330784170E-3,4.174814903E-4,3.021256328E-3,4.516237790E-3
5.890918125E0,1.861269241E-3,-5.406296192E-3,1.260191917E-2,1.383837883E-2
5.900950125E0,-3.377762893E-3,9.826476595E-3,1.754164696E-4,1.039229019E-2
5.910983125E0,8.496771790E-3,8.539825341E-3,-7.209616899E-4,1.206828627E-2
5.921016125E0,-8.633779362E-4,8.441963851E-3,1.843802512E-2,2.029711668E-2
5.931049125E0,-5.535157062E-3,2.145967545E-3,6.012107134E-3,8.449175853E-3
5.941082125E0,-8.795847734E-3,-2.546204888E-3,1.170027852E-2,1.485754402E-2
5.951115125E0,-4.607578525E-3,4.623036531E-3,4.066153765E-3,7.689983945E-3
5.961148125E0,-1.841501998E-2,3.002259729E-4,6.910824180E-3,1.967136465E-2
5.971181125E0,-1.104319766E-3,6.798197327E-3,1.821992397E-3,7.124230860E-3
5.981214125E0,1.112286597E-3,-1.412341265E-3,1.170144796E-2,1.183874038E-2
5.991247125E0,-1.020544698E-2,2.953703856E-3,-1.919056177E-3,1.079621652E-2
6.001280125E0,2.474349802E-3,-8.625431091E-4,3.769699931E-3,4.590972133E-3
6.011313125E0,-4.209766863E-3,1.418935600E-2,9.008220434E-3,1.732651136E-2
6.021346125E0,1.549987234E-3,3.507665870E-3,-4.015282989E-3,5.552357856E-3
6.031379125E0,-9.687301442E-3,2.491840629E-3,-5.212792754E-3,1.127946307E-2
6.041412125E0,-6.568853427E-3,9.507221475E-3,1.244872212E-2,1.698551671E-2
6.051445125E0,5.476556998E-4,-1.789990883E-3,7.208447456E-3,7.447530386E-3
6.061478125E0,2.632069308E-4,-4.514444486E-3,1.244755268E-2,1.324352878E-2
6.071511125E0,6.351492321E-3,7.639220513E-3,9.153231382E-3,1.350854505E-2
6.081544125E0,-3.670589626E-4,-6.688322778E-3,-3.421205878E-3,7.521505403E-3
6.091577125E0,-2.550025564E-4,6.919955886E-3,7.806032896E-3,1.043479589E-2
6.101610125E0,7.524909731E-4,6.149584082E-3,9.602882266E-3,1.142799085E-2
6.111643125E0,-1.005708301E-2,-7.355357608E-3,6.609692574E-3,1.410440499E-2
6.121676125E0,2.757994579E-3,-4.161911057E-3,1.199731708E-2,1.299475489E-2
6.131709125E0,-9.171631839E-3,-3.579367923E-3,9.302335382E-3,1.354489383E-2
6.141742125E0,-1.148080694E-2,-1.073424312E-3,5.708636642E-3,1.286661183E-2
6.151775125E0,3.395496402E-4,3.172888791E-3,3.313617110E-3,4.600279947E-3
6.161808125E0,-8.453657711E-3,8.103311278E-3,1.573778093E-2,1.961646581E-2
6.171841125E0,-3.251709715E-3,-4.351456775E-3,1.216220856E-3,5.566685307E-3
6.181874125E0,3.845439646E-3,8.196634325E-3,6.168812513E-4,9.074842302E-3
6.191907125E0,2.453583051E-3,7.514122075E-3,6.303883195E-3,1.011044231E-2
6.201940125E0,-6.538036773E-3,-2.539318421E-3,5.256062150E-3,8.764716322E-3
6.211972125E0,-1.863160450E-3,-4.430596327E-4,5.854232311E-3,6.159521463E-3
6.222005125E0,3.848134847E-3,3.065744274E-3,1.169209242E-2,1.268510760E-2
6.232038125E0,-2.427964937E-3,-3.709185817E-3,8.398940563E-3,9.497119339E-3
6.242071125E0,-1.073766237E-2,1.242565075E-2,1.154298842E-2,2.007323520E-2
6.252104125E0,-1.312361872E-3,-5.527534554E-3,9.447346330E-3,1.102398678E-2
6.262137125E0,-9.011271950E-3,5.086102891E-3,9.297072887E-3,1.391068039E-2
6.272170125E0,6.219116841E-3,-6.829407412E-3,9.127503633E-4,9.281774243E-3
6.282203125E0,-7.471014848E-3,-8.146928424E-3,6.599752307E-3,1.287420817E-2
6.292236125E0,-7.554602623E-3,3.659748865E-3,8.096054792E-3,1.166241338E-2
6.302269125E0,6.020375462E-3,1.721965609E-3,1.662889659E-2,1.776880098E-2
6.312302125E0,-3.814056544E-3,-1.095358908E-2,8.245743513E-3,1.423096719E-2
6.322335125E0,2.589238454E-3,3.739579347E-3,3.904770613E-3,5.994651199E-3
6.332368125E0,-1.840045676E-3,-5.613167142E-3,1.064193249E-2,1.217144776E-2
6.342401125E0,-5.452638231E-3,1.894148980E-3,7.648742795E-3,9.582396902E-3
6.352433500E0,7.811286254E-3,3.411535703E-3,-8.666743040E-3,1.215595343E-2
6.362466500E0,4.982604319E-3,2.348778562E-3,5.403996706E-3,7.716624063E-3
6.372499500E0,-5.446663108E-3,1.444305892E-2,7.199676633E-3,1.703242301E-2
6.382532500E0,-6.341058696E-3,1.819351443E-3,-7.338255644E-4,6.637587289E-3
6.392565500E0,7.006782470E-3,-2.523621731E-4,-3.428807259E-3,7.804832251E-3
6.402598500E0,4.166844646E-3,6.614211032E-3,6.899714470E-3,1.042671768E-2
6.412631500E0,5.374989035E-3,1.857092365E-2,4.953761101E-3,1.995769178E-2
6.422664500E0,-1.764278552E-3,-4.511633368E-3,1.631373167E-4,4.847074194E-3
6.432697500E0,-1.856929511E-3,-2.122033932E-3,9.592941999E-3,9.998787497E-3
6.442730500E0,1.507352809E-2,-3.129042668E-4,-4.362022877E-4,1.508308426E-2
6.452763500E0,1.723731766E-3,1.216838925E-2,-5.675307512E-3,1.353698871E-2
6.462796500E0,-2.739119036E-3,3.969937945E-3,3.605393171E-3,6.021797099E-3
6.472829500E0,-5.072276853E-4,1.335179489E-2,-3.280287981E-3,1.375819741E-2
6.482862500E0,7.841161871E-3,1.115509647E-2,6.300374866E-3,1.502047669E-2
6.492895500E0,-1.983238505E-3,-1.106783819E-2,6.600921750E-3,1.303849858E-2
6.502928500E0,-1.709286402E-2,5.992033026E-3,7.199091911E-3,1.949095648E-2
6.512961500E0,-3.372774487E-3,7.923513394E-3,1.153889537E-2,1.439804773E-2
6.522994500E0,-1.452252852E-2,-4.481513926E-3,-7.361644506E-4,1.521610133E-2
6.533026500E0,-2.430358641E-3,9.742637572E-5,3.004299402E-3,3.865481848E-3
6.543059500E0,9.878943935E-3,2.770611774E-3,8.692470789E-3,1.344726259E-2
6.553092500E0,5.945741236E-3,1.125212827E-2,9.738537669E-3,1.602502248E-2
6.563125500E0,-5.852158377E-3,7.850437474E-3,1.198386848E-2,1.547547188E-2
6.573158500E0,8.779694801E-3,3.685578255E-3,3.302507401E-3,1.007834724E-2
6.583191500E0,4.138184153E-4,-6.447777234E-4,2.703167796E-3,2.809644128E-3
6.593224500E0,-2.669345308E-3,-6.124796227E-3,1.018701911E-2,1.218252402E-2
6.603257500E0,-7.782068448E-3,5.986941266E-3,-4.402953386E-4,9.828423833E-3
6.613290500E0,-4.860415785E-3,5.709534280E-3,9.437990785E-3,1.205396588E-2
6.623323500E0,-6.363232434E-4,8.597445540E-4,1.302993536E-2,1.307376317E-2
6.633356500E0,7.248427793E-3,1.158373963E-3,-5.532635450E-3,9.191930741E-3
6.643389500E0,3.842004407E-3,1.094624123E-2,1.202772260E-3,1.166309805E-2
6.653422500E0,-4.947831659E-3,9.144762056E-3,-2.988511920E-3,1.081845251E-2
6.663455500E0,9.796370286E-4,7.643519130E-3,7.490283251E-3,1.074650718E-2
6.673488500E0,-5.677143903E-3,2.297351615E-3,1.587168217E-2,1.701229209E-2
6.683521500E0,6.959100254E-3,-2.757036983E-3,-4.449731112E-4,7.498555217E-3
6.693554500E0,-3.793536471E-3,-6.665081808E-3,-1.343690157E-3,7.785867820E-3
6.703587500E0,4.293208458E-3,1.858474112E-3,1.048171878E-2,1.147832712E-2
6.713620500E0,2.082339674E-3,-9.699493800E-3,6.022632122E-4,9.938764484E-3
6.723653500E0,-3.575069876E-3,-4.950497167E-3,1.003206789E-2,1.174440007E-2
6.733686500E0,1.041888862E-2,-7.895218352E-3,7.501977682E-4,1.309391116E-2
6.743719500E0,-4.945191275E-3,6.712906208E-4,8.533426523E-3,9.885591337E-3
6.753752500E0,1.386173833E-2,5.124575172E-3,1.392105103E-2,2.030282547E-2
6.763785500E0,7.341645202E-3,6.024824257E-3,6.885096431E-3,1.173042260E-2
6.773818500E0,6.343041267E-4,5.305871976E-3,1.046651602E-3,5.445190422E-3
6.783851500E0,3.822626369E-3,8.658934381E-3,1.046066880E-3,9.522808036E-3
6.793884500E0,-1.542997984E-3,9.441697828E-3,1.227272093E-2,1.556104687E-2
6.803917500E0,-9.272770397E-3,9.776496605E-3,5.086492896E-3,1.440265832E-2
6.813950500E0,1.257102029E-2,1.591573271E-3,3.440501690E-3,1.313014503E-2
6.823983500E0,1.658809399E-3,9.368017201E-3,-1.050744653E-3,9.571596482E-3
6.834016500E0,6.264149537E-3,8.178105389E-3,3.141124249E-3,1.076975574E-2
6.844048500E0,5.687330849E-3,5.201433510E-3,4.487738013E-3,8.918544457E-3
6.854081500E0,-5.700432267E-3,-7.674800592E-3,4.039256573E-3,1.037849150E-2
6.864114500E0,-7.826160109E-3,-4.739735306E-3,-4.642689228E-3,1.026004075E-2
6.874147500E0,-6.747120414E-3,2.723476592E-3,1.047587156E-2,1.275479689E-2
6.884180500E0,-1.059917472E-2,1.020037634E-2,1.092435300E-2,1.832298204E-2
6.894213500E0,2.120310031E-3,4.261954405E-3,1.017590940E-2,1.123428245E-2
6.904246500E0,-1.368765576E-2,3.466353350E-3,4.187775850E-3,1.472769474E-2
6.914279500E0,9.862480368E-3,-2.366078098E-3,7.031276822E-3,1.234121948E-2
6.924312500E0,2.630424779E-3,1.008008359E-2,1.331878781E-2,1.690909011E-2
6.934345500E0,-4.130427456E-3,7.319295019E-3,1.461803913E-4,8.405586193E-3
6.944378500E0,3.320816495E-3,6.234104328E-3,5.086492896E-3,8.704268432E-3
6.954411500E0,-6.233131886E-3,6.830384993E-3,-4.943236113E-3,1.048530760E-2
6.964444500E0,-8.907228056E-3,-7.343538695E-3,-1.949461699E-3,1.170754770E-2
6.974477500E0,6.042110659E-3,-2.323350597E-3,7.032446265E-3,9.558261332E-3
6.984510500E0,2.232667934E-3,-8.299504207E-3,3.438747525E-3,9.256973627E-3
6.994543500E0,6.712630978E-3,-2.010336695E-3,-1.537817717E-4,7.008888436E-3
7.004576500E0,-7.837781450E-3,8.540547107E-3,4.335710406E-3,1.237619278E-2
7.014609500E0,1.834509093E-3,-4.500080549E-3,1.047177851E-2,1.154444861E-2
7.024642500E0,1.448574588E-3,-2.756691518E-3,9.273684025E-3,9.782583087E-3
7.034675500E0,-1.249157125E-3,5.017340435E-3,1.541092157E-2,1.625517156E-2
7.044708500E0,5.224487185E-3,3.255685136E-3,7.776212096E-3,9.917874098E-3
7.054741500E0,-1.494703637E-3,8.233092057E-3,-2.403205633E-3,8.705937118E-3
7.064774500E0,-5.134156840E-3,2.496858728E-3,1.346438348E-2,1.462475615E-2
7.074807500E0,-2.446575528E-3,-9.927373042E-4,1.062029779E-2,1.094358188E-2
7.084840500E0,2.671519741E-3,-5.304220595E-3,8.824033141E-3,1.063650952E-2
7.094873500E0,1.091929151E-2,-7.947701681E-3,2.214808345E-2,2.594098089E-2
7.104906500E0,-1.943504848E-3,1.111545988E-2,1.795621455E-2,2.120745860E-2
7.114939500E0,8.789178254E-3,-3.815873520E-3,2.688549757E-3,9.951826209E-3
7.124972500E0,-8.341126218E-3,4.448232763E-3,2.689134479E-3,9.828153720E-3
7.135005500E0,-2.796549657E-3,1.205647674E-2,4.186021686E-3,1.306530133E-2
7.145037500E0,-1.422115937E-3,5.133306595E-3,4.438036680E-4,5.345111041E-3
7.155070500E0,-2.453875411E-3,9.480186668E-4,3.436993361E-3,4.328182908E-3
7.165103500E0,5.169066545E-3,-8.317466694E-3,2.214808345E-2,2.421646344E-2
7.175136500E0,3.313397840E-3,1.391340396E-5,5.384116173E-3,6.321985905E-3
7.185169500E0,-4.773456724E-3,2.019025292E-3,1.466481686E-2,1.555375214E-2
7.195202500E0,-8.107246729E-3,5.320726417E-4,8.228201866E-3,1.156347079E-2
7.205235500E0,1.744891377E-3,1.782640750E-3,-2.249423862E-3,3.358922695E-3
7.215268500E0,4.353498733E-3,5.939643915E-3,1.940690875E-3,7.615681330E-3
7.225301500E0,-2.611878142E-4,7.260572757E-3,5.982286334E-3,9.411263763E-3
7.235334500E0,7.536165621E-3,3.462353945E-3,6.131975055E-3,1.031420405E-2
7.245367500E0,-3.729975410E-4,3.035246248E-3,1.271769404E-2,1.308019835E-2
7.255400500E0,7.631575735E-3,2.155726228E-3,6.881003380E-3,1.049934814E-2
7.265433500E0,-5.198859936E-3,7.308207579E-3,7.628862262E-3,1.177444615E-2
7.275466500E0,3.499604249E-3,7.500915590E-3,3.285550475E-3,8.905380762E-3
7.285499500E0,5.893627927E-4,-1.308040414E-3,2.687965035E-3,3.046879429E-3
7.295532500E0,-7.533433875E-3,3.160027771E-3,1.511212885E-2,1.717890683E-2
7.305565500E0,-2.257664781E-3,9.806522971E-3,2.929455042E-4,1.006731146E-2
7.315598500E0,-4.853636669E-3,1.505411351E-3,-4.047442675E-3,6.496602532E-3
7.325631500E0,-2.103903109E-2,-5.256407044E-4,3.436993361E-3,2.132440036E-2
7.335664500E0,-5.856059566E-3,7.156943993E-3,4.783022404E-3,1.041117593E-2
7.345697500E0,-5.482239760E-3,1.074568630E-2,2.537106872E-3,1.232727213E-2
7.355730750E0,1.718067275E-3,2.863000066E-4,2.087455988E-3,2.718675295E-3
7.365763750E0,-8.043027855E-4,-9.481454326E-5,1.526006341E-2,1.528153880E-2
7.375796750E0,1.570160128E-3,-3.721849265E-3,4.780098796E-3,6.258347168E-3
7.385829750E0,-7.158079175E-3,-3.832481554E-3,4.930372238E-3,9.499188531E-3
7.395862750E0,-2.022862528E-3,2.389659964E-3,2.684456706E-3,4.124167232E-3
7.405895750E0,3.899773071E-3,3.956328323E-3,5.377684236E-3,7.731768978E-3
7.415928750E0,1.139816933E-2,6.626085334E-3,8.521147370E-3,1.569819173E-2
7.425961750E0,-3.942521699E-3,5.297404934E-3,-3.752158284E-3,7.595042341E-3
7.435994750E0,-1.538204181E-2,1.221536569E-2,2.235975266E-3,1.976921735E-2
7.446026750E0,-1.238125987E-2,5.865206690E-3,1.690546989E-2,2.175985197E-2
7.456059750E0,9.391523693E-3,5.315713457E-3,1.039050221E-3,1.084145526E-2
7.466092750E0,-1.019385304E-2,1.532081735E-2,-7.493206859E-3,1.986932896E-2
7.476125750E0,2.831413681E-3,6.800374616E-4,5.080645680E-3,5.855964046E-3
7.486158750E0,-1.631747754E-3,2.209649662E-3,8.073835373E-3,8.528304051E-3
7.496191750E0,1.439482167E-2,6.469095588E-3,-9.589433670E-3,1.846665446E-2
7.506224750E0,-8.859015936E-3,1.502601033E-2,3.881381750E-3,1.786975865E-2
7.516257750E0,-3.905455833E-3,9.885078943E-3,1.316208243E-2,1.691767670E-2
7.526290750E0,1.158781098E-3,-3.157724859E-6,1.091675162E-2,1.097808042E-2
7.536323750E0,-1.290423850E-2,5.583234993E-3,1.106644034E-2,1.789295912E-2
7.546356750E0,4.387503946E-3,9.920083437E-3,-1.206865311E-3,1.091397133E-2
7.556389750E0,1.273500728E-2,-1.459668309E-4,4.780683517E-3,1.360355291E-2
7.566422750E0,-1.023262739E-5,5.397765767E-3,6.577532887E-3,8.508814187E-3
7.576455750E0,-8.432507236E-3,7.352708659E-3,-5.696357489E-3,1.255460041E-2
7.586488750E0,-8.832465922E-3,4.825053263E-3,7.176287770E-3,1.236093441E-2
7.596521750E0,8.674079468E-3,4.509434381E-3,1.181663811E-2,1.533647904E-2
7.606554750E0,1.910806121E-3,-2.378343546E-5,3.583758473E-3,4.061412375E-3
7.616587750E0,-5.248341998E-3,-4.092006566E-3,2.169609368E-2,2.269383380E-2
7.626620750E0,-7.350361208E-3,8.333963379E-3,1.226570427E-2,1.655083855E-2
7.636653750E0,2.044972312E-4,-3.276610631E-4,5.081815124E-3,5.096471901E-3
7.646686750E0,-8.091349611E-3,1.797338161E-3,6.279909611E-3,1.039892435E-2
7.656719750E0,8.371860646E-3,2.848182170E-3,1.556061029E-2,1.789784303E-2
7.666752750E0,-2.303282199E-3,-5.772609406E-3,3.885474801E-3,7.329736876E-3
7.676785750E0,-3.398584463E-3,1.275671736E-2,-5.847215652E-6,1.320167596E-2
7.686818750E0,-6.895146333E-3,9.268960000E-3,1.107170284E-2,1.600122702E-2
7.696851750E0,-8.163864221E-3,1.144491394E-3,1.017415524E-2,1.309473078E-2
7.706884750E0,-1.846998380E-3,2.807475500E-3,7.779135704E-3,8.473976280E-3
7.716917750E0,-4.235202251E-3,-4.069312632E-3,1.241890132E-2,1.373773466E-2
7.726950750E0,-4.244521251E-3,-1.252063831E-2,-2.399697304E-3,1.343655058E-2
7.736982750E0,8.304562848E-3,1.495002165E-2,3.587851524E-3,1.747402615E-2
7.747015750E0,-5.320893154E-3,7.587112914E-3,1.192831993E-3,9.343395233E-3
7.757048750E0,-2.940455116E-3,-6.274981733E-4,2.839992642E-3,4.135890286E-3
7.767081750E0,1.260714512E-3,4.926520156E-3,6.282833219E-3,8.082944710E-3
7.777114750E0,-2.246253574E-3,9.867258640E-3,9.729766846E-3,1.403840486E-2
7.787147750E0,-1.468894576E-2,1.329947601E-2,-1.480269420E-1,1.493473025E-1
7.797180750E0,2.811571520E-2,-1.044872998E-2,9.447814107E-2,9.912511558E-2
7.807213750E0,-5.422940771E-2,-4.173542677E-3,-3.255963564E-2,6.339066960E-2
7.817246750E0,-1.457062278E-1,-1.188426253E-2,-1.451173675E-1,2.059868706E-1
7.827279750E0,1.811879821E-1,8.235521735E-3,3.345630616E-1,3.805645160E-1
7.837312750E0,-7.309850967E-3,-7.068566526E-3,5.041235447E-2,5.142765829E-2
7.847345750E0,3.611756586E-2,4.264941966E-3,4.513933539E-2,5.796747272E-2
7.857378750E0,-6.173257311E-2,2.004427581E-2,-1.066567218E-1,1.248532734E-1
7.867411750E0,6.258646759E-2,9.166393328E-3,6.530404329E-2,9.091593239E-2
7.877444750E0,-2.773947428E-2,1.276098285E-2,-1.464552104E-2,3.386461875E-2
7.887477750E0,-2.428680307E-2,1.183079134E-2,-1.370762765E-1,1.397129987E-1
7.897510750E0,3.451481665E-2,6.246064282E-3,5.615899801E-2,6.621267964E-2
7.907543750E0,-1.612797294E-2,7.798959707E-3,5.181860983E-2,5.482794551E-2
7.917576750E0,-5.745163467E-3,5.119225883E-3,-4.981886208E-2,5.040964586E-2
7.927609750E0,-8.947957568E-3,3.795795415E-3,6.259619772E-2,6.334633357E-2
7.937642750E0,7.659276919E-3,-5.285802436E-3,3.249765515E-2,3.380387287E-2
7.947675750E0,-1.969360504E-2,-1.149960025E-4,-1.131348521E-1,1.148361705E-1
7.957708750E0,5.387843773E-4,-5.094032607E-3,7.277269185E-2,7.295275276E-2
7.967741750E0,2.532472040E-2,3.921407197E-3,8.519217789E-2,8.896306015E-2
7.977774750E0,-5.157956835E-2,1.448092992E-2,-1.527988547E-1,1.619186191E-1
7.987807750E0,4.150633240E-2,-1.347205339E-3,7.531623065E-2,8.600654156E-2
7.997840750E0,-4.238792807E-3,-4.183109498E-3,3.550370872E-2,3.599970975E-2
8.007873750E0,-3.014970571E-5,6.632592074E-3,-5.475858986E-2,5.515881934E-2
8.017906750E0,3.725589998E-3,3.382577139E-3,7.861172140E-2,7.877261320E-2
8.027939750E0,-5.707604242E-3,4.125934122E-3,1.816145182E-3,7.273132880E-3
8.037972750E0,-1.939356979E-4,5.634081216E-3,-6.613493264E-2,6.637476777E-2
8.048004750E0,-3.972452134E-3,7.330338491E-3,7.636346698E-2,7.681727232E-2
8.058037750E0,1.223570075E-2,1.244677039E-2,4.447392225E-2,4.777618891E-2
8.068070750E0,-4.923892792E-2,5.511957777E-3,-1.340906882E-1,1.429516225E-1
8.078103750E0,9.212370487E-3,-4.246779053E-3,9.581890762E-2,9.635437696E-2
8.088136750E0,-1.320757194E-2,3.813986880E-3,2.547047138E-2,2.894358936E-2
8.098169750E0,-7.419678122E-3,4.001145746E-4,-7.796209574E-2,7.831538857E-2
8.108202750E0,2.451327304E-2,-2.097989541E-3,8.279774308E-2,8.637573950E-2
8.118235750E0,-1.520088776E-2,-1.422285986E-2,-1.809186995E-2,2.758029169E-2
8.128268750E0,7.682199832E-3,4.170832058E-3,-3.246198714E-2,3.361833790E-2
8.138301750E0,-6.568058571E-3,-9.167269268E-3,5.660163224E-2,5.771414897E-2
8.148334750E0,2.099670273E-2,2.469927275E-3,1.213823497E-2,2.437824470E-2
8.158367750E0,-1.233886756E-2,1.340470762E-2,-7.317381084E-2,7.540782739E-2
8.168400750E0,2.049756065E-2,1.534682147E-2,8.623473644E-2,8.995612648E-2
8.178433750E0,5.750791412E-3,1.763832130E-2,2.052431166E-2,2.766639386E-2
8.188466750E0,-2.889520386E-2,1.834263099E-2,-7.886490583E-2,8.597126433E-2
8.198499750E0,2.445861071E-2,3.942045470E-3,8.039629161E-2,8.412685104E-2
8.208532750E0,-2.265403206E-2,4.237746703E-3,-2.857066512E-2,3.670758193E-2
8.218565750E0,5.592980543E-3,-7.972809876E-4,-2.303335190E-2,2.371607868E-2
8.228598750E0,-1.042693768E-2,-8.540442040E-3,6.977365494E-2,7.106351457E-2
8.238631750E0,-9.773812825E-3,8.392502345E-3,-3.470965683E-2,3.702326013E-2
8.248664750E0,-1.086858518E-2,1.353160134E-2,-3.979498029E-2,4.341509916E-2
8.258697750E0,1.316644044E-2,-7.594317437E-3,6.198867202E-2,6.382495021E-2
8.268730750E0,5.789931212E-3,1.227779499E-2,-1.031039536E-2,1.704616689E-2
8.278763750E0,-1.893990808E-2,6.166037370E-3,-5.476209819E-2,5.827201330E-2
8.288796750E0,2.304876479E-2,-3.585176880E-4,8.773162365E-2,9.070949168E-2
8.298829750E0,-1.917804508E-3,-4.522471845E-3,-1.375031233E-2,1.460143194E-2
8.308862750E0,2.789807087E-3,-2.823578754E-3,-1.674467146E-2,1.720870835E-2
8.318895750E0,2.724642609E-2,1.683584806E-2,5.989302993E-2,6.791898519E-2
8.328928750E0,-2.393713958E-2,1.092349419E-2,-3.874832869E-2,4.683740335E-2
8.338961750E0,1.787375053E-3,2.045126486E-2,1.219144464E-3,2.056538979E-2
8.348993750E0,-2.621443821E-3,2.005201652E-2,5.166131973E-2,5.547834975E-2
8.359026375E0,9.536699094E-3,1.026374554E-2,-3.530665755E-2,3.798490713E-2
8.369059375E0,-1.864646922E-2,-1.141200051E-3,-1.988462627E-2,2.728353925E-2
8.379092375E0,1.748834593E-2,8.251967029E-3,6.707808852E-2,6.980979274E-2
8.389125375E0,-2.779748049E-3,-7.468150055E-3,-2.572248638E-2,2.692854563E-2
8.399158375E0,-3.492423138E-3,-3.300020621E-3,-7.612490058E-3,9.002064227E-3
8.409191375E0,1.584329576E-2,-1.003661776E-2,5.614964247E-2,5.919903771E-2
8.419224375E0,-8.769124132E-3,2.619576024E-3,-4.832899153E-2,4.918791660E-2
8.429257375E0,1.354825448E-2,2.244422893E-4,9.149723053E-3,1.635001547E-2
8.439290375E0,9.278160799E-4,-8.229763598E-3,3.130248427E-2,3.237955178E-2
8.449323375E0,-1.052264929E-2,1.183894204E-2,-4.338984847E-2,4.619053634E-2
8.459356375E0,-9.426259808E-4,-5.524027367E-3,-1.030630231E-2,1.173129530E-2
8.469389375E0,1.706837880E-2,4.624915177E-3,5.794707656E-2,6.058533715E-2
8.479422375E0,-3.373203892E-4,1.066734732E-2,-2.542544782E-2,2.757461660E-2
8.489455375E0,-1.545017101E-3,3.011406282E-3,7.953382730E-3,8.643607030E-3
8.499488375E0,1.156553674E-2,-1.974258118E-3,5.495096326E-2,5.618956930E-2
8.509521375E0,-1.976810222E-2,-2.360345086E-4,-3.725261092E-2,4.217333990E-2
8.519554375E0,4.604517873E-3,4.518877292E-3,2.830754042E-2,2.903340630E-2
8.529587375E0,8.015710395E-4,3.105334035E-4,4.267648816E-2,4.268514483E-2
8.539620375E0,1.278615215E-2,9.388184384E-4,-3.366125107E-2,3.602009009E-2
8.549653375E0,-2.003941303E-3,5.289246241E-4,2.157388687E-2,2.167321242E-2
8.559686375E0,-2.119889762E-3,-4.564673438E-3,2.770878553E-2,2.816215496E-2
8.569719375E0,-1.462624351E-2,1.483235101E-2,-2.647385359E-2,3.368665254E-2
8.579752375E0,4.732590169E-3,-5.885992285E-3,2.696443498E-2,2.800219757E-2
8.589785375E0,2.024392853E-2,-5.038889480E-3,2.860808730E-2,3.540663368E-2
8.599818375E0,-1.392380104E-2,-1.252978829E-2,-4.054225445E-2,4.466029809E-2
8.609851375E0,8.713895353E-3,-1.282701985E-2,3.010848284E-2,3.386716919E-2
8.619884375E0,-2.435420137E-3,-1.525366117E-3,1.783517718E-2,1.806520297E-2
8.629917375E0,-8.960602172E-3,1.289837758E-2,-4.518085063E-2,4.783272728E-2
8.639949375E0,1.069954583E-2,8.542096848E-4,4.403128803E-2,4.532068270E-2
8.649982375E0,9.351716945E-3,8.566234885E-3,1.933206439E-2,2.312063372E-2
8.660015375E0,4.592604171E-3,1.093646085E-2,-4.143804789E-2,4.310232014E-2
8.670048375E0,3.145180754E-3,1.824363261E-3,1.529339254E-2,1.571967934E-2
8.680081375E0,-2.596355611E-3,-7.733681026E-3,1.529222310E-2,1.733213697E-2
8.690114375E0,-2.408894791E-2,-2.497724961E-3,-4.652220190E-2,5.244836805E-2
8.700147375E0,4.207281796E-3,2.038456435E-3,3.041370749E-2,3.077092992E-2
8.710180375E0,-5.474492200E-3,-1.258926087E-3,4.968379140E-3,7.499316703E-3
8.720213375E0,-8.041474689E-3,-2.353495164E-3,-4.607372046E-2,4.682939217E-2
8.730246375E0,3.824819075E-3,5.117728676E-3,3.385771751E-2,3.445526699E-2
8.740279375E0,-5.156887891E-3,4.442912025E-3,4.069662094E-3,7.930643703E-3
8.750312375E0,-4.338643150E-3,3.927014586E-3,-1.389181495E-2,1.507407677E-2
8.760345375E0,-3.888215683E-4,-2.385718233E-3,3.086452782E-2,3.095903602E-2
8.770378375E0,4.166689329E-4,-1.735821912E-3,1.843802512E-2,1.852423982E-2
8.780411375E0,-2.618456259E-4,2.841809048E-3,-2.781111181E-2,2.795715261E-2
8.790444375E0,5.952511216E-3,1.124074676E-2,3.879744530E-2,4.082926082E-2
8.800477375E0,-1.308424138E-3,5.865656080E-3,4.669586420E-3,7.610711682E-3
8.810510375E0,6.199446442E-3,1.041268280E-2,-3.484472752E-2,3.689189796E-2
8.820543375E0,1.240432897E-2,9.850888720E-3,5.661215723E-2,5.878642472E-2
8.830576375E0,-6.504534055E-3,7.506502993E-3,-1.044605076E-2,1.441445549E-2
8.840609375E0,-9.752744576E-3,-1.877469569E-3,-4.157370329E-4,9.940510853E-3
8.850642375E0,3.381682355E-3,7.291488768E-3,3.640827298E-2,3.728490211E-2
8.860675375E0,-2.006700458E-3,-5.331594015E-3,-4.905813932E-3,7.517961945E-3
8.870708375E0,-6.148255896E-4,-5.405554441E-3,-1.298783541E-2,1.408126052E-2
8.880741375E0,-4.975222209E-3,-4.819598336E-3,3.191527247E-2,3.265832178E-2
8.890774375E0,4.314696975E-4,-5.141363076E-3,1.080916286E-2,1.197738628E-2
8.900807375E0,-3.506228048E-3,5.007678253E-3,-2.526347995E-2,2.599257386E-2
8.910840375E0,1.952932569E-2,-5.330108228E-4,4.718235254E-2,5.106714261E-2
8.920873375E0,3.282526368E-3,5.081584433E-3,-2.361748874E-2,2.437997650E-2
8.930906375E0,5.585881658E-3,1.069735541E-2,-5.648410320E-4,1.208116435E-2
8.940939375E0,5.164854722E-3,1.511188788E-2,3.850391507E-2,4.168448579E-2
8.950971375E0,-1.567021818E-2,3.665421350E-3,-1.762701631E-2,2.386844686E-2
8.961004375E0,6.555468785E-3,-3.209388778E-3,-1.373452485E-2,1.555350507E-2
8.971037375E0,4.236234650E-3,-6.870801587E-3,3.596154571E-2,3.685629347E-2
8.981070375E0,-3.728458788E-3,-2.094676500E-3,-7.148221135E-3,8.329834330E-3
8.991103375E0,-1.041684209E-2,1.923713964E-3,-3.552768230E-3,1.117288847E-2
9.001136375E0,9.979424682E-3,-6.783156735E-3,3.042247832E-2,3.272808151E-2
9.011169375E0,-8.141215397E-3,5.267465363E-3,-4.004173279E-3,1.049090002E-2
9.021202375E0,-5.969203189E-3,6.993525736E-3,-5.949541926E-3,1.095161349E-2
9.031235375E0,9.070968367E-3,9.303283270E-3,3.102298737E-2,3.363419825E-2
9.041268375E0,-8.675870178E-3,3.422150912E-3,-1.911981046E-2,2.127319892E-2
9.051301375E0,7.040065918E-3,1.572775387E-4,9.919801354E-3,1.216510268E-2
9.061334375E0,-3.972543497E-3,-5.687439914E-3,3.865945101E-2,3.927698088E-2
9.071367375E0,2.500625728E-3,-6.746567669E-4,-7.593194246E-3,8.022773189E-3
9.081400375E0,4.343019426E-4,-6.431309099E-4,2.138326764E-3,2.274791616E-3
9.091433375E0,-8.809287194E-4,1.082979713E-2,2.249365389E-2,2.498049252E-2
9.101466375E0,6.661394751E-3,1.180928113E-2,-2.136397183E-2,2.530321310E-2
9.111499375E0,-1.019080153E-2,8.044775739E-3,-6.992685199E-3,1.474681317E-2
9.121532375E0,-1.622282574E-3,9.820309610E-3,2.443960726E-2,2.638872268E-2
9.131565375E0,-1.079124662E-2,3.442476838E-3,-9.836770892E-3,1.500212358E-2
9.141598375E0,-6.667050105E-3,-1.061755120E-2,-2.203815579E-3,1.272944436E-2
9.151631375E0,-1.196093643E-3,2.177067994E-3,2.488867342E-2,2.501232356E-2
9.161664375E0,4.265470728E-3,4.703645309E-4,-1.268202603E-2,1.338840048E-2
9.171697375E0,-4.745079456E-3,1.331777140E-2,2.436534762E-3,1.434627184E-2
9.181730375E0,-1.401600433E-2,8.878956997E-3,2.593766391E-2,3.079036641E-2
9.191763375E0,-6.036857301E-3,3.262914784E-3,-1.836902797E-2,1.960896345E-2
9.201796375E0,4.739679918E-3,-4.500939930E-3,5.730856061E-3,8.692855524E-3
9.211829375E0,6.900491053E-3,7.050577202E-4,1.276564121E-2,1.452843690E-2
9.221862375E0,-1.217609569E-2,6.300723186E-3,-2.300703943E-2,2.678208883E-2
9.231895375E0,1.444554627E-3,1.751704525E-2,1.860467076E-2,2.559428426E-2
9.241928375E0,7.930925768E-3,5.635693768E-3,1.590735018E-2,1.864683398E-2
9.251960375E0,-7.504106434E-3,-3.266199846E-3,-1.387836635E-2,1.611175743E-2
9.261993375E0,1.873785937E-3,6.919441971E-3,1.860291660E-2,1.993635516E-2
9.272026375E0,-4.091589153E-4,3.042856193E-3,1.845205843E-2,1.870574364E-2
9.282059375E0,-1.609927590E-2,1.024297765E-2,-2.802570462E-3,1.928625616E-2
9.292092375E0,2.486692909E-3,3.642746258E-3,1.239024997E-3,4.581312571E-3
9.302125375E0,-8.250859827E-3,3.251902147E-3,3.403079510E-4,8.875098025E-3
9.312158375E0,-4.078917140E-3,2.413771735E-3,-1.522498012E-2,1.594565391E-2
9.322191375E0,-4.938430432E-3,4.318604445E-3,1.770595372E-2,1.888224660E-2
9.332224375E0,-3.143572770E-3,-1.742440572E-3,1.037120640E-2,1.097634143E-2
9.342257375E0,-1.159939578E-2,-1.155426601E-2,-1.088342249E-2,1.965949975E-2
9.352290375E0,1.337139448E-3,-1.066796516E-2,2.743630528E-2,2.946768179E-2
9.362323375E0,-7.898619901E-3,-4.278553873E-3,1.291591465E-2,1.573261170E-2
9.372356375E0,-8.928268896E-3,2.954773942E-4,-1.357781947E-2,1.625295277E-2
9.382389375E0,-7.104467517E-3,1.127422549E-2,2.040152013E-2,2.436808657E-2
9.392422375E0,-1.612485747E-2,7.573399366E-3,1.321470737E-2,2.218098053E-2
9.402455375E0,1.502378108E-3,9.604462842E-4,-1.507412195E-2,1.517922098E-2
9.412488375E0,4.479515366E-3,-5.282323229E-3,2.623821080E-2,2.713692507E-2
9.422521375E0,-1.635795124E-3,8.644017699E-3,7.078054547E-3,1.129131187E-2
9.432554375E0,-5.480101872E-3,5.312304485E-3,-3.398986459E-3,8.354950892E-3
9.442587375E0,8.001549169E-4,-1.239181227E-2,2.923140049E-2,3.175959751E-2
9.452620375E0,3.384642508E-3,-4.693072927E-3,3.933421969E-3,6.996609664E-3
9.462653375E0,-5.496282214E-3,2.942836829E-3,-1.821992397E-2,1.925707757E-2
9.472686375E0,-7.480744980E-3,9.244648374E-3,1.216571689E-2,1.701263461E-2
9.482719375E0,-8.756826706E-3,1.766191459E-3,1.650552034E-2,1.876788875E-2
9.492752375E0,-2.841417901E-3,1.315609817E-3,3.932837248E-3,5.027095951E-3
9.502785375E0,-2.120629800E-3,-1.685978395E-3,1.725337923E-2,1.746478424E-2
9.512818375E0,-4.183554891E-3,5.318165976E-3,7.523027658E-3,1.011834799E-2
9.522851375E0,-3.534431728E-3,5.219927614E-3,-1.157163978E-3,6.409280802E-3
9.532884375E0,-4.053664478E-3,6.338831729E-3,2.413906038E-2,2.528452529E-2
9.542917375E0,-7.703706622E-5,9.555258293E-3,3.632290363E-3,1.022264296E-2
9.552950375E0,-2.567603756E-3,5.299079156E-3,-2.602010965E-4,5.894110074E-3
9.562982375E0,-3.422293095E-3,-7.505673305E-3,2.054594636E-2,2.214007980E-2
9.573015375E0,-3.369357521E-3,1.861864812E-3,-6.546542645E-3,7.594493484E-3
9.583048375E0,-5.603459850E-4,5.350650570E-3,1.686921716E-3,5.638187122E-3
9.593081375E0,7.773873210E-4,-4.540167666E-3,1.380995393E-2,1.455789411E-2
9.603114375E0,2.917614430E-3,-3.277285002E-3,4.678357244E-3,6.414054681E-3
9.613147375E0,-3.498178991E-3,4.168016944E-3,-5.799853206E-3,7.952856009E-3
9.623180375E0,-5.120653426E-3,1.166748615E-2,2.084240019E-2,2.442860967E-2
9.633213375E0,-4.974363400E-3,-1.996733925E-3,1.382866502E-3,5.535662323E-3
9.643246375E0,-1.486216038E-2,-5.293260491E-4,-1.867542207E-2,2.387331956E-2
9.653279375E0,-3.172205854E-4,-1.796807115E-3,1.739955962E-2,1.749496555E-2
9.663312375E0,2.675795518E-3,7.358266940E-3,-1.309776306E-3,7.938481466E-3
9.673345375E0,-1.273340844E-3,6.317226153E-3,5.277112126E-3,8.329265007E-3
9.683378375E0,6.577203982E-5,4.908190506E-3,1.934785187E-2,1.996081241E-2
9.693411375E0,1.297424977E-2,3.923025460E-3,8.420575261E-3,1.595704777E-2
9.703444375E0,2.302980702E-3,1.061650738E-2,3.930498362E-3,1.155260864E-2
9.713477375E0,2.657733103E-3,7.858189603E-3,6.174659729E-3,1.034123357E-2
9.723510375E0,8.718472626E-4,-8.660948358E-4,-4.453239441E-3,4.619694734E-3
9.733543375E0,1.576208342E-3,-7.606166614E-3,-1.309191585E-3,7.877320985E-3
9.743576375E0,-4.034103714E-3,-1.467856352E-2,1.141376495E-2,1.902651440E-2
9.753609375E0,-3.957806686E-3,1.393796455E-2,-4.110592604E-4,1.449482871E-2
9.763642375E0,-7.238341346E-3,1.159730814E-2,2.133648992E-3,1.383631452E-2
9.773675375E0,6.080090152E-3,1.135182101E-2,1.874909699E-2,2.274554845E-2
9.783708375E0,-5.981984837E-3,5.432193533E-3,9.469565749E-3,1.244851576E-2
9.793741375E0,-8.866507681E-3,3.891099320E-3,7.823574543E-3,1.244845095E-2
9.803774375E0,-1.234056691E-2,-2.117372719E-3,1.231423616E-2,1.756169898E-2
9.813807375E0,-1.473612548E-2,4.453170919E-3,3.976106644E-5,1.539434007E-2
9.823840375E0,5.042958548E-3,2.359247591E-3,1.036828279E-2,1.176854996E-2
9.833873375E0,-1.129774340E-2,-2.013411052E-3,1.725220978E-2,2.072031787E-2
9.843906375E0,-1.017837619E-2,5.971410741E-3,-4.601173997E-3,1.266601320E-2
9.853939375E0,-2.322203424E-3,1.455865335E-3,6.175829172E-3,6.756703233E-3
9.863971375E0,1.114831050E-2,-5.533199615E-3,1.320886016E-2,1.814869449E-2
9.874004375E0,-9.440192627E-3,-1.640183962E-3,1.534309387E-3,9.703687214E-3
9.884037375E0,1.048942979E-2,1.708332575E-3,5.126253963E-3,1.179936512E-2
9.894070375E0,3.494999567E-3,1.187363248E-2,7.221896052E-3,1.433017630E-2
9.904103375E0,2.594976034E-4,4.801862544E-3,-6.697985530E-3,8.245497744E-3
9.914136375E0,-3.419844573E-3,5.581612734E-3,4.377810359E-3,7.874957851E-3
9.924169375E0,-1.259088255E-3,1.323467013E-3,1.545419097E-2,1.556177646E-2
9.934202375E0,-4.298105501E-3,-8.624984556E-3,6.323763728E-3,1.152623343E-2
9.944235375E0,5.056927912E-5,-2.027627095E-3,1.186224639E-2,1.203439730E-2
9.954268375E0,-1.169528098E-2,2.319854259E-3,8.867302537E-3,1.485901663E-2
9.964301375E0,-1.079332056E-3,5.748925328E-3,-9.991137385E-3,1.157747496E-2
9.974334375E0,-1.180035727E-2,-2.426985072E-3,5.575904846E-3,1.327514230E-2
9.984367375E0,-9.265662376E-3,-4.384374772E-3,5.725593567E-3,1.174128030E-2
9.994400375E0,-1.261593422E-2,-2.324199700E-3,-3.255144954E-3,1.323479011E-2
1.000443337E1,-8.980299979E-3,4.641771032E-3,1.261127472E-2,1.616279914E-2
1.001446637E1,-2.413995573E-3,1.261707625E-2,4.226952195E-3,1.352350223E-2
1.002449938E1,-4.515749831E-3,9.581023729E-3,-2.057635188E-3,1.078989689E-2
1.003453238E1,-1.088911439E-2,-6.758159318E-4,2.353855133E-2,2.594403473E-2
1.004456537E1,-3.979222113E-3,-8.044581022E-4,9.167849422E-3,1.002650610E-2
1.005459837E1,2.710659541E-3,-3.877465714E-3,-1.582958221E-2,1.652144330E-2
1.006463137E1,-6.178871552E-3,4.476944647E-3,1.186166167E-2,1.410391806E-2
1.007466438E1,-1.040632624E-2,-2.061049871E-3,4.078432918E-3,1.136543741E-2
1.008469738E1,-4.843614176E-3,-1.389855752E-4,-9.693514109E-3,1.083716435E-2
1.009473037E1,8.716572281E-3,2.616674686E-4,1.844679594E-2,2.040420012E-2
1.010476337E1,6.669663079E-3,4.802969175E-3,-7.139450312E-4,8.250008242E-3
1.011479637E1,3.903738214E-3,8.468094167E-3,-2.808417678E-3,9.738326381E-3
1.012482937E1,-1.591916339E-2,-8.840773080E-4,7.369245887E-3,1.756437134E-2
1.013486238E1,3.165536374E-4,6.860212645E-3,1.380703032E-2,1.542066179E-2
1.014489538E1,2.189307176E-3,1.016568134E-3,3.329989314E-3,4.112822086E-3
1.015492837E1,-7.039700467E-3,3.962047059E-3,1.904672027E-2,2.068895243E-2
1.016496037E1,-1.101253632E-2,2.089198732E-3,1.530508697E-2,1.897067197E-2
1.017499337E1,-9.641967248E-4,1.093453995E-2,5.275942683E-3,1.217905622E-2
1.018502638E1,-2.122246921E-3,2.319318645E-3,1.784921050E-2,1.812394787E-2
1.019505938E1,-5.729485620E-3,-6.369152740E-3,1.695107818E-2,1.899295036E-2
1.020509237E1,2.561354544E-4,-3.795428822E-3,3.625273705E-5,3.804234427E-3
1.021512537E1,-1.344548967E-3,7.767626282E-3,7.841116190E-4,7.922036419E-3
1.022515837E1,-3.300945098E-3,1.048130536E-2,-1.760011911E-3,1.112886529E-2
1.023519138E1,1.042796094E-3,-1.857860269E-3,-2.807832956E-3,3.524626843E-3
1.024522438E1,4.725591782E-3,1.261477391E-2,1.530333281E-2,2.038763678E-2
1.025525737E1,7.439732244E-3,1.401731767E-3,1.081208646E-2,1.319907881E-2
1.026529037E1,-8.538122568E-3,2.305519445E-3,1.231072783E-2,1.515813236E-2
1.027532337E1,-2.727269288E-3,1.029606740E-3,2.308831573E-2,2.327162244E-2
1.028535637E1,-8.201450855E-3,-5.227958970E-4,-3.704795837E-3,9.014578408E-3
1.029538938E1,4.899674356E-3,4.595419286E-3,5.726763010E-3,8.827259019E-3
1.030542238E1,6.013742527E-3,1.727649971E-2,-6.546542645E-3,1.942935310E-2
1.031545537E1,5.393462582E-3,1.428722605E-2,-6.845920086E-3,1.673561737E-2
1.032548837E1,6.439328464E-3,5.037287206E-3,6.176998615E-3,1.024668363E-2
1.033552137E1,-2.986383168E-3,-1.020163943E-2,8.572018147E-3,1.365545410E-2
1.034555438E1,1.959365420E-3,-3.430247364E-3,-2.804324627E-3,4.844579078E-3
1.035558775E1,1.383094909E-3,1.010821189E-2,-1.238440275E-2,1.604563276E-2
1.036562075E1,2.358410480E-3,-1.144471408E-3,1.949812531E-2,1.967355600E-2
1.037565375E1,-6.655675443E-3,-9.872064320E-4,1.171489656E-2,1.350967777E-2
1.038568675E1,-8.114199433E-4,-6.153376778E-3,3.334082365E-3,7.045463314E-3
1.039571975E1,-7.029449567E-3,7.498103902E-3,1.800474644E-2,2.073175385E-2
1.040575275E1,-4.016890973E-3,7.217354182E-3,7.922977209E-4,8.297791884E-3
1.041578575E1,-9.449639535E-3,7.906940763E-3,1.541326046E-3,1.241737032E-2
1.042581875E1,-5.686325859E-4,8.781319916E-3,3.636383414E-3,9.521460330E-3
1.043585175E1,-7.734559821E-3,6.832482910E-3,1.156930089E-2,1.550338548E-2
1.044588475E1,-2.616062555E-3,3.952939336E-3,8.276149035E-3,9.537513068E-3
1.045591775E1,2.731682109E-3,9.859097663E-3,-1.081734896E-4,1.023110920E-2
1.046595075E1,-4.763516458E-3,3.695208459E-3,5.281205177E-3,8.014785258E-3
1.047598375E1,1.570690032E-3,6.918814994E-3,2.219544590E-2,2.330182153E-2
1.048601675E1,-5.841551162E-4,8.029900171E-3,1.246450961E-2,1.483861630E-2
1.049604875E1,-1.526653189E-3,5.498460074E-3,6.396853924E-4,5.742206069E-3
1.050608175E1,-3.752304465E-3,-4.558167269E-4,7.824159265E-3,8.689362801E-3
1.051611475E1,6.665040124E-3,1.189182622E-2,1.837779880E-3,1.375557072E-2
1.052614775E1,-1.661394965E-3,1.177295416E-2,7.078054547E-3,1.383696278E-2
1.053618075E1,-1.074646974E-2,-7.809566350E-3,2.100027502E-2,2.484929555E-2
1.054621375E1,-3.431849638E-3,-8.981405469E-3,1.501272619E-2,1.782765222E-2
1.055624675E1,-3.475027671E-3,-6.466415233E-4,3.936345577E-3,5.290442238E-3
1.056627975E1,5.300418762E-3,2.420103173E-3,9.773036242E-3,1.137820618E-2
1.057631275E1,1.040256210E-4,3.436755817E-3,1.590968907E-2,1.627698738E-2
1.058634575E1,6.384995040E-3,1.093352811E-2,3.186732531E-3,1.305624229E-2
1.059637875E1,6.660901392E-3,-1.484324715E-2,-4.746769667E-3,1.694760796E-2
1.060641175E1,-4.542144528E-3,-1.454550853E-2,4.533931017E-3,1.589840954E-2
1.061644475E1,-1.272738763E-2,-8.969479204E-3,6.331365108E-3,1.680845434E-2
1.062647775E1,-2.132497821E-3,1.064065341E-3,2.249774694E-2,2.262362481E-2
1.063651075E1,4.857391678E-4,9.481267033E-3,9.775375128E-3,1.362675038E-2
1.064654375E1,-7.100337921E-3,3.692341953E-3,-1.001043320E-3,8.065375095E-3
1.065657675E1,1.234978541E-2,-1.591465920E-3,7.231836319E-3,1.439963263E-2
1.066660975E1,-4.553089784E-3,-8.849109930E-4,2.741174698E-3,5.387739115E-3
1.067664275E1,-1.991653014E-3,-2.517299429E-3,-6.389837265E-3,7.150769079E-3
1.068667575E1,8.554659225E-4,3.290920320E-4,8.427591920E-3,8.477289017E-3
1.069670875E1,-5.025681853E-3,-1.099897809E-3,1.980218053E-2,2.045956028E-2
1.070674175E1,-7.160198791E-3,-1.513474113E-3,5.732025504E-3,9.295975850E-3
1.071677475E1,-6.745786518E-3,-2.297737623E-3,1.142078161E-2,1.346177873E-2
1.072680775E1,-5.727366004E-3,-3.484248456E-3,6.930119991E-3,9.642057443E-3
1.073684075E1,3.686313154E-3,3.010039267E-3,2.219895422E-2,2.270336560E-2
1.074687375E1,-5.349115105E-3,-9.019518580E-3,2.085234046E-2,2.334062661E-2
1.075690675E1,-8.459596289E-3,-5.926991317E-3,9.924479127E-3,1.432442953E-2
1.076693975E1,1.168813641E-2,-1.860892370E-3,-5.343185663E-3,1.298557223E-2
1.077697275E1,5.858635996E-4,-3.222845939E-3,1.202129066E-2,1.245959073E-2
1.078700575E1,-8.928606939E-4,1.552293001E-3,2.968455970E-2,2.973852549E-2
1.079703875E1,-2.556695044E-4,-3.210003764E-3,6.631911993E-3,7.372363782E-3
1.080707175E1,-4.934373926E-3,9.718502961E-3,2.141835093E-3,1.110787124E-2
1.081710475E1,3.192369612E-3,5.528610921E-3,2.889693975E-3,7.007645377E-3
1.082713675E1,1.154121598E-2,1.170405865E-3,1.392806768E-3,1.168372487E-2
1.083716975E1,3.984813513E-3,-1.362709596E-4,7.980279922E-3,8.920884270E-3
1.084720275E1,-4.958667280E-3,-4.149015206E-3,9.476582408E-3,1.147206705E-2
1.085723575E1,-6.811430650E-3,4.237600523E-3,1.366845131E-2,1.584864054E-2
1.086726875E1,-3.130818531E-3,9.154889616E-3,1.694523096E-3,9.822700091E-3
1.087730175E1,-8.919077804E-3,1.502620219E-3,8.729308248E-3,1.257014872E-2
1.088733475E1,1.184362667E-3,-3.366283164E-4,8.430515528E-3,8.519954555E-3
1.089736775E1,1.636644797E-3,1.883500081E-3,9.777714014E-3,1.009107874E-2
1.090740075E1,1.388055906E-3,7.693638448E-3,9.479506016E-3,1.228738402E-2
1.091743375E1,1.809484838E-3,3.650178047E-3,7.084486485E-3,8.172391565E-3
1.092746675E1,-1.694258144E-3,-2.130064146E-3,6.783939600E-3,7.309549947E-3
1.093749975E1,-7.353933491E-3,-7.409903450E-3,6.185184717E-3,1.213439397E-2
1.094753275E1,3.609997854E-3,1.270742716E-3,1.112432778E-2,1.176424839E-2
1.095756575E1,1.082307740E-2,-4.291119677E-3,5.735533834E-3,1.297879274E-2
1.096759875E1,4.309114711E-3,5.622133253E-3,6.035495996E-3,9.306130444E-3
1.097763175E1,-5.347470576E-3,9.009338486E-3,1.007826090E-2,1.453736442E-2
1.098766475E1,-1.123036338E-2,8.566343378E-3,2.594409585E-3,1.436085867E-2
1.099769775E1,-1.062841080E-3,-1.651306234E-3,3.490787745E-4,1.994567480E-3
1.100773075E1,1.656141607E-3,1.285367264E-2,7.683241367E-3,1.506625047E-2
1.101776375E1,3.168587890E-3,9.710483596E-3,5.288221836E-3,1.150211855E-2
1.102779675E1,4.395397687E-3,-1.667484292E-4,1.217331827E-2,1.294360860E-2
1.103782975E1,-2.492585806E-3,-2.175847159E-3,2.893202305E-3,4.395214948E-3
1.104786275E1,-4.436273379E-3,7.141209044E-4,2.144758701E-3,4.979003921E-3
1.105789575E1,2.086076410E-3,-1.112609907E-2,1.845965981E-3,1.146949806E-2
1.106792875E1,-3.488028590E-3,-6.531229106E-3,1.397484541E-3,7.535002331E-3
1.107796175E1,7.434259616E-3,-1.296111866E-3,1.486946940E-2,1.667480862E-2
1.108799475E1,-4.259769693E-3,-2.138194288E-3,4.990013838E-3,6.900561626E-3
1.109802775E1,-3.128114194E-3,7.645581644E-3,1.396315098E-3,8.377930111E-3
1.110806075E1,5.434603225E-3,2.707694820E-3,1.082670450E-2,1.241305981E-2
1.111809375E1,3.390380088E-4,-5.856351927E-6,6.635420322E-3,6.644078862E-3
1.112812675E1,-4.362296965E-4,-1.297694725E-3,4.988844395E-3,5.173284870E-3
1.113815975E1,-4.304875480E-3,9.894787377E-3,-8.490157127E-4,1.082402872E-2
1.114819275E1,-1.753179805E-2,1.208223189E-3,-3.993648291E-3,1.802145868E-2
1.115822575E1,-6.623004125E-3,4.460907059E-3,1.247211099E-2,1.480936960E-2
1.116825875E1,-2.239547549E-3,6.924012392E-3,2.891448140E-3,7.830580641E-3
1.117829175E1,-3.879627585E-3,-3.757129560E-3,-2.796723247E-3,6.081874189E-3
1.118832475E1,-7.800340997E-3,8.370401126E-3,4.970133305E-4,1.145233413E-2
1.119835675E1,-8.447244046E-3,6.800243282E-4,1.666397989E-2,1.869509537E-2
1.120838975E1,-4.096056791E-3,3.123117794E-3,5.736703277E-3,7.709819095E-3
1.121842275E1,2.994870767E-3,3.255996911E-3,-9.998738766E-4,4.535472915E-3
1.122845575E1,4.074157141E-3,3.996809442E-3,-2.946411967E-3,6.422973268E-3
1.123848875E1,-1.139293425E-5,-1.623275002E-3,4.970133305E-4,1.697696610E-3
1.124852175E1,-1.217033984E-2,7.388424069E-3,1.232242227E-2,1.882944695E-2
1.125855475E1,-8.766136570E-3,9.351841427E-3,1.395730376E-3,1.289380284E-2
1.126858775E1,-9.985947981E-3,-9.472318052E-4,1.845381260E-3,1.019910963E-2
1.127862075E1,2.467616368E-4,-9.696635288E-3,1.516650796E-2,1.800301616E-2
1.128865375E1,1.518028546E-3,-5.744545626E-3,2.504537880E-2,2.574053641E-2
1.129868675E1,-7.077698233E-3,-1.583512907E-2,-3.544582129E-3,1.770336656E-2
1.130871975E1,-4.306127150E-3,-1.632475230E-3,-7.010811567E-4,4.658242286E-3
1.131875275E1,-1.047948039E-2,-9.374398888E-3,1.606288612E-2,2.134748637E-2
1.132878575E1,-1.134379936E-2,5.688981089E-3,1.965483069E-2,2.339569746E-2
1.133881875E1,1.886293497E-3,9.741998033E-4,3.038797975E-3,3.706947740E-3
1.134885175E1,-4.420065628E-3,8.783611979E-3,-1.237914026E-2,1.580923569E-2
1.135888413E1,-6.171708712E-3,8.075403386E-3,5.584675670E-3,1.159701387E-2
1.136891713E1,4.432765050E-3,9.818343027E-4,2.025475502E-2,2.075737232E-2
1.137895012E1,-1.583709223E-3,7.185324688E-3,1.157280922E-2,1.371375000E-2
1.138898312E1,3.625547793E-4,3.618691019E-3,-1.312582970E-2,1.362034419E-2
1.139901612E1,6.528863953E-3,6.815065745E-3,7.830006480E-3,1.226295997E-2
1.140904913E1,-2.578183562E-3,-4.972428794E-3,9.027516246E-3,1.062394127E-2
1.141908213E1,-1.033254169E-2,7.961794955E-3,5.135024786E-3,1.401856185E-2
1.142911512E1,-5.783398775E-3,3.097276983E-4,1.990976930E-3,6.124346641E-3
1.143914812E1,-7.049640734E-4,-3.566953439E-3,3.038797975E-3,4.738609955E-3
1.144918112E1,5.310788434E-3,-2.621754454E-3,-1.602137089E-3,6.135545083E-3
1.145921412E1,-5.346136680E-3,1.938836211E-3,1.171898961E-2,1.302593493E-2
1.146924713E1,-2.521757931E-3,4.770530832E-3,7.677394152E-3,9.384008123E-3
1.147928013E1,1.152047664E-2,9.062433945E-3,8.576111197E-3,1.698230768E-2
1.148931312E1,-7.847328857E-4,-1.387063478E-3,1.321646154E-2,1.331219766E-2
1.149934612E1,3.052210025E-3,7.229937116E-3,2.140665650E-3,8.134520648E-3
1.150937912E1,-5.327672269E-3,-3.723079807E-3,-1.357665002E-2,1.505227029E-2
1.151941213E1,1.112131281E-3,2.436754033E-3,2.010331213E-2,2.028097051E-2
1.152944513E1,3.566070646E-4,6.632573231E-3,1.486420691E-2,1.628075070E-2
1.153947812E1,1.156250350E-3,1.052264929E-2,1.336673498E-2,1.705088464E-2
1.154951112E1,-4.513484035E-3,3.217935192E-3,-2.555233240E-4,5.549048315E-3
1.155954412E1,-8.980025891E-3,5.022236336E-3,8.725799918E-3,1.349086013E-2
1.156957713E1,8.889046870E-4,4.230421695E-3,7.376262546E-3,8.549612179E-3
1.157960913E1,-8.927282179E-3,3.239882807E-3,1.216571689E-2,1.543366046E-2
1.158964212E1,-1.395913102E-3,2.690126906E-3,-1.223412931E-2,1.260393891E-2
1.159967512E1,2.337881271E-3,2.618576173E-3,1.686921716E-3,3.894654655E-3
1.160970812E1,1.100199306E-2,3.318960689E-3,1.231540561E-2,1.684424432E-2
1.161974112E1,2.839864735E-3,-9.268773277E-3,1.089920998E-3,9.755148259E-3
1.162977413E1,-4.991265507E-3,1.733682310E-3,-8.639261127E-3,1.012695505E-2
1.163980713E1,-3.050876129E-3,3.844623092E-3,-3.100778461E-3,5.805497303E-3
1.164984012E1,-1.125948069E-2,-6.652328140E-3,1.381346226E-2,1.902212172E-2
1.165987312E1,-1.208924627E-2,-4.877336165E-3,1.815385044E-2,2.234950937E-2
1.166990612E1,-5.647323104E-3,6.922404408E-3,7.675639987E-3,1.177825922E-2
1.167993913E1,-1.172276289E-2,-2.723388656E-3,2.585054040E-3,1.230944840E-2
1.168997213E1,7.409902308E-3,-2.962078394E-3,1.837195158E-3,8.188763440E-3
1.170000512E1,5.472628400E-4,1.812031574E-4,1.426135898E-2,1.427300568E-2
1.171003812E1,-1.649179766E-3,1.070554380E-4,7.823574543E-3,7.996222445E-3
1.172007112E1,1.348925242E-3,4.515809217E-4,-9.240354896E-3,9.349207626E-3
1.173010413E1,2.542250594E-3,-8.123353980E-3,-4.899381995E-3,9.821194526E-3
1.174013713E1,4.609287009E-3,1.376114338E-2,5.429139733E-3,1.549484276E-2
1.175017013E1,1.104910883E-2,-9.023163953E-3,3.932252526E-3,1.479739516E-2
1.176020312E1,2.975465320E-3,4.179058702E-3,-2.504362464E-3,5.708743895E-3
1.177023612E1,-2.136006150E-3,-3.465938220E-3,-1.477883756E-2,1.532936038E-2
1.178026912E1,-2.985213725E-3,-8.391049106E-3,3.033535480E-3,9.408695106E-3
1.179030213E1,-1.481336354E-2,3.146989737E-3,1.216279328E-2,1.942351215E-2
1.180033513E1,4.391916767E-3,6.737069370E-3,1.126407623E-2,1.384039197E-2
1.181036812E1,-1.989889713E-3,1.018588507E-2,1.186224639E-2,1.576149756E-2
1.182040112E1,-9.299576227E-3,3.536599309E-3,1.261010528E-2,1.606251561E-2
1.183043412E1,1.097467560E-2,1.073918128E-2,7.072792053E-3,1.690555845E-2
1.184046713E1,2.708777469E-3,-1.317482754E-3,-4.110592604E-4,3.040099652E-3
1.185050013E1,5.530698560E-3,4.421865474E-4,-1.159502864E-3,5.668209805E-3
1.186053313E1,-8.154298542E-3,-2.033212784E-3,1.560621858E-2,1.772514026E-2
1.187056612E1,5.744158477E-4,-9.314788124E-3,1.890053988E-2,2.107903316E-2
1.188059912E1,8.750312543E-3,-8.127154671E-3,8.573187590E-3,1.470095773E-2
1.189063212E1,-1.042786958E-3,-6.840364089E-3,9.022838473E-3,1.137055846E-2
1.190066513E1,-6.436368311E-3,-4.191246493E-3,1.560914218E-2,1.739651413E-2
1.191069813E1,-2.280121744E-3,3.083675355E-4,1.695692539E-2,1.711231616E-2
1.192073112E1,4.602809390E-3,-5.631548184E-3,-8.560323715E-4,7.323454147E-3
1.193076412E1,-8.930470739E-3,-5.916842058E-3,-1.070040464E-4,1.071325242E-2
1.194079712E1,-1.264528907E-2,1.781613490E-3,5.581167340E-3,1.393653153E-2
1.195082913E1,-6.382583063E-3,3.503463183E-3,-2.202646136E-3,7.606791100E-3
1.196086213E1,-1.073985508E-2,-2.466026656E-3,4.982412457E-3,1.209339524E-2
1.197089512E1,6.208829395E-4,-5.379882652E-3,9.773036242E-3,1.117322113E-2
1.198092812E1,-1.060358754E-2,1.473713047E-3,1.082085729E-2,1.522165731E-2
1.199096112E1,-5.644545676E-3,-2.096205113E-3,1.216747105E-2,1.357579919E-2
1.200099413E1,1.133583253E-2,7.753067629E-3,4.233384132E-3,1.437124553E-2
1.201102713E1,1.108989316E-2,-8.247834578E-3,-9.987629056E-3,1.705183977E-2
1.202106013E1,1.020943953E-2,-3.304008034E-4,3.932837248E-3,1.094573108E-2
1.203109312E1,7.615815662E-4,4.162547170E-3,1.904964387E-2,1.951398824E-2
1.204112612E1,3.673979184E-3,6.185240677E-3,1.006949008E-2,1.237537699E-2
1.205115912E1,-3.218773445E-3,3.354974741E-3,1.036886752E-2,1.136352813E-2
1.206119213E1,2.838750109E-3,-4.488366132E-3,7.973263264E-3,9.580023997E-3
1.207122513E1,-5.319020217E-3,-1.548314154E-2,6.924272776E-3,1.777541002E-2
1.208125812E1,4.074175414E-3,2.435075243E-3,4.380149245E-3,6.458653432E-3
1.209129112E1,-1.607416942E-2,-1.018610548E-2,3.859162331E-5,1.902990165E-2
1.210132412E1,-1.284284273E-2,-9.512426297E-4,1.536063552E-3,1.296930851E-2
1.211135713E1,4.865248874E-4,9.674410159E-3,1.216396272E-2,1.554969156E-2
1.212139013E1,1.533094263E-2,5.027866565E-3,2.433611155E-3,1.631685347E-2
1.213142312E1,-6.713846102E-3,-7.820605254E-3,5.877036452E-3,1.186495485E-2
1.214145612E1,2.574008284E-3,-5.677620132E-3,-2.505531907E-3,6.718525072E-3
1.215148912E1,-2.246116530E-3,1.114950621E-2,1.036769807E-2,1.538979180E-2
1.216152213E1,1.680690777E-3,-4.313414471E-3,1.246334016E-2,1.329530421E-2
1.217155513E1,-2.438526470E-3,-9.391827474E-4,1.201310456E-2,1.229402931E-2
1.218158813E1,-3.207069878E-3,3.550818778E-3,7.822405100E-3,9.169712795E-3
1.219162112E1,-1.258196555E-2,-3.250466039E-3,-1.457126141E-3,1.307649048E-2
1.220165412E1,-1.384801565E-2,7.166680978E-3,1.111731112E-2,1.915002507E-2
1.221168712E1,4.143967414E-3,-2.646914612E-3,6.326687336E-3,8.012839418E-3
1.222172013E1,-4.619227275E-3,1.995841996E-3,7.893741131E-4,5.093501486E-3
1.223175313E1,-3.521969849E-3,7.448181014E-3,-2.354673743E-3,8.568789907E-3
1.224178612E1,-2.475555791E-3,9.917101585E-3,1.201544344E-2,1.577492192E-2
1.225181912E1,8.387374040E-4,1.391341538E-3,-1.093429327E-4,1.628271349E-3
1.226185212E1,-2.090799864E-3,3.476398112E-4,6.924857497E-3,7.241957530E-3
1.227188513E1,-5.700002862E-3,2.871133634E-3,3.183224201E-3,7.132065429E-3
1.228191813E1,-9.315062212E-3,1.035338496E-2,1.156579256E-2,1.810332902E-2
1.229195113E1,2.264078446E-3,4.488663061E-4,2.009921908E-2,2.023131582E-2
1.230198312E1,-4.913278269E-3,-7.188877556E-4,1.366260409E-2,1.453698227E-2
1.231201612E1,6.823042855E-3,2.468037779E-3,-2.661418676E-2,2.758550455E-2
1.232204912E1,-8.418610962E-3,5.482258033E-3,-1.539630353E-2,1.838407806E-2
1.233208213E1,-1.061754777E-2,-7.195517915E-3,5.989653826E-2,6.125441285E-2
1.234211513E1,1.380692068E-3,3.265711626E-3,3.924124897E-2,3.940110155E-2
1.235214812E1,-2.786874343E-3,-1.342036034E-2,2.861919701E-2,3.173217890E-2
1.236218167E1,4.992553722E-3,4.164767285E-3,3.475584984E-3,7.372283919E-3
1.237221467E1,-1.309910609E-2,4.391909915E-3,-5.949541926E-3,1.504235694E-2